2022-01-06 10:02:35.137,SEMANGKA MERAH/KG,KG,1.11,00133333,CU00000001,02010133,Semangka,20101,Buah (Fruit)
2022-01-20 10:38:57.480,WORTEL A/IMPORT/KG*9,KG,0.386,00351379,CU00000001,02020105,Sayur Akar,20201,Sayur (Vegetable)
2022-01-21 14:04:06.550,TOMAT CURAH/KG,KG,0.282,00172790,CU00000001,02020102,Sayur Buah,20201,Sayur (Vegetable)
2022-01-10 19:12:32.520,PEPAYA CALIFORNIA,KG,1.262,00149464,CU00000001,02010128,Pepaya,20101,Buah (Fruit)
2022-01-22 14:02:28.317,PISANG CAVENDIS/KG*13,KG,0.366,00217071,CU00000001,02010129,Pisang,20101,Buah (Fruit)
2022-01-13 21:54:19.523,SEMANGKA MERAH/KG,KG,0.378,00133333,CU00000001,02010133,Semangka,20101,Buah (Fruit)
2022-01-06 11:04:07.993,PISANG CAVENDIS/KG*13,KG,0.384,00217071,CU00000001,02010129,Pisang,20101,Buah (Fruit)
2022-01-17 20:21:21.690,PISANG CAVENDIS/KG*13,KG,0.786,00217071,CU00000001,02010129,Pisang,20101,Buah (Fruit)
2022-01-22 18:25:30.737,PISANG CAVENDIS/KG*13,KG,0.33,00217071,CU00000001,02010129,Pisang,20101,Buah (Fruit)
2022-01-26 19:58:54.610,PISANG CAVENDIS/KG*13,KG,0.37,00217071,CU00000001,02010129,Pisang,20101,Buah (Fruit)
2022-01-13 20:33:22.750,PISANG CAVENDIS/KG*13,KG,1.07,00217071,CU00000001,02010129,Pisang,20101,Buah (Fruit)
2022-01-10 20:03:04.250,PISANG CAVENDIS/KG*13,KG,0.536,00217071,CU00000001,02010129,Pisang,20101,Buah (Fruit)
2022-01-17 13:15:15.773,BUAH NAGA MERAH/KG,KG,0.41,00269629,CU00000001,02010107,Buah Naga,20101,Buah (Fruit)
2022-01-04 18:08:56.017,TOMAT CURAH/KG,KG,0.278,00172790,CU00000001,02020102,Sayur Buah,20201,Sayur (Vegetable)
2022-01-12 18:05:34.143,PISANG CAVENDIS/KG*13,KG,0.666,00217071,CU00000001,02010129,Pisang,20101,Buah (Fruit)
2022-01-15 09:21:15.167,PISANG CAVENDIS/KG*13,KG,0.282,00217071,CU00000001,02010129,Pisang,20101,Buah (Fruit)
2022-01-05 13:05:11.173,PISANG CAVENDIS/KG*13,KG,0.39,00217071,CU00000001,02010129,Pisang,20101,Buah (Fruit)
2022-01-09 10:03:01.380,PEPAYA CALIFORNIA,KG,1.29,00149464,CU00000001,02010128,Pepaya,20101,Buah (Fruit)
2022-01-01 13:51:11.673,KOL PUTIH/KG,KG,0.316,00172677,CU00000001,02020101,Sayur Bunga,20201,Sayur (Vegetable)
2022-01-11 09:44:44.980,PISANG CAVENDIS/KG*13,KG,0.45,00217071,CU00000001,02010129,Pisang,20101,Buah (Fruit)
2022-01-30 19:05:41.593,ANGGUR HITAM/KG,KG,0.314,00355063,CU00000001,02010136,Anggur,20101,Buah (Fruit)
2022-01-02 15:55:59.170,BUAH NAGA MERAH/KG,KG,0.88,00269629,CU00000001,02010107,Buah Naga,20101,Buah (Fruit)
2022-01-19 11:28:20.370,WORTEL A/IMPORT/KG*9,KG,0.332,00351379,CU00000001,02020105,Sayur Akar,20201,Sayur (Vegetable)
2022-01-12 18:47:51.233,APEL TOP RED/KG*19,KG,0.264,00133241,CU00000001,02010102,Apel,20101,Buah (Fruit)
2022-01-15 11:40:53.133,KOL PUTIH/KG,KG,0.63,00172677,CU00000001,02020101,Sayur Bunga,20201,Sayur (Vegetable)
2022-01-03 08:19:08.560,PEAR SWEET *12KG,KG,1.1,00424400,CU00000001,02010137,Pear,20101,Buah (Fruit)
2022-01-05 18:47:34.820,SEMANGKA MERAH/KG,KG,1.214,00133333,CU00000001,02010133,Semangka,20101,Buah (Fruit)
2022-01-25 12:36:59.620,SEMANGKA MERAH/KG,KG,0.228,00133333,CU00000001,02010133,Semangka,20101,Buah (Fruit)
2022-01-28 17:57:52.847,PISANG CAVENDIS/KG*13,KG,0.748,00217071,CU00000001,02010129,Pisang,20101,Buah (Fruit)
2022-01-30 19:21:52.997,PEPAYA CALIFORNIA,KG,1.616,00149464,CU00000001,02010128,Pepaya,20101,Buah (Fruit)
2022-01-25 15:08:47.863,SEMANGKA MERAH/KG,KG,0.394,00133333,CU00000001,02010133,Semangka,20101,Buah (Fruit)
2022-01-07 08:34:20.580,SEMANGKA MERAH/KG,KG,0.638,00133333,CU00000001,02010133,Semangka,20101,Buah (Fruit)
2022-01-18 13:50:36.787,TOMAT CURAH/KG,KG,0.134,00172790,CU00000001,02020102,Sayur Buah,20201,Sayur (Vegetable)
2022-01-23 18:15:47.493,PISANG CAVENDIS/KG*13,KG,0.294,00217071,CU00000001,02010129,Pisang,20101,Buah (Fruit)
2022-01-06 16:52:58.720,PISANG CAVENDIS/KG*13,KG,0.356,00217071,CU00000001,02010129,Pisang,20101,Buah (Fruit)
2022-01-01 11:41:40.007,PISANG CAVENDIS/KG*13,KG,0.33,00217071,CU00000001,02010129,Pisang,20101,Buah (Fruit)
2022-01-01 17:10:52.590,ANGGUR HITAM/KG,KG,0.282,00355063,CU00000001,02010136,Anggur,20101,Buah (Fruit)
2022-01-11 15:53:05.843,SEMANGKA MERAH/KG,KG,0.57,00133333,CU00000001,02010133,Semangka,20101,Buah (Fruit)
2022-01-18 15:36:28.827,BAWANG PUTIH CURAH/KG,KG,0.218,00156806,CU00000001,02020107,Sayur Umbi,20201,Sayur (Vegetable)
2022-01-27 19:21:59.783,PISANG CAVENDIS/KG*13,KG,0.586,00217071,CU00000001,02010129,Pisang,20101,Buah (Fruit)
2022-01-06 10:35:09.200,ANGGUR HITAM/KG,KG,0.334,00355063,CU00000001,02010136,Anggur,20101,Buah (Fruit)
2022-01-06 16:56:56.437,PISANG CAVENDIS/KG*13,KG,0.712,00217071,CU00000001,02010129,Pisang,20101,Buah (Fruit)
2022-01-15 10:19:51.203,ANGGUR HITAM/KG,KG,0.29,00355063,CU00000001,02010136,Anggur,20101,Buah (Fruit)
2022-01-10 10:14:54.147,SEMANGKA MERAH/KG,KG,0.624,00133333,CU00000001,02010133,Semangka,20101,Buah (Fruit)
2022-01-16 20:58:44.283,PISANG CAVENDIS/KG*13,KG,0.282,00217071,CU00000001,02010129,Pisang,20101,Buah (Fruit)
2022-01-02 17:23:14.093,BAWANG MERAH CURAH/KG,KG,0.404,00156790,CU00000001,02020107,Sayur Umbi,20201,Sayur (Vegetable)
2022-01-10 19:33:27.007,SEMANGKA MERAH/KG,KG,0.502,00133333,CU00000001,02010133,Semangka,20101,Buah (Fruit)
2022-01-09 09:23:39.710,ANGGUR HITAM/KG,KG,0.258,00355063,CU00000001,02010136,Anggur,20101,Buah (Fruit)
2022-01-14 20:03:07.577,SEMANGKA MERAH/KG,KG,0.422,00133333,CU00000001,02010133,Semangka,20101,Buah (Fruit)
2022-01-03 19:17:19.550,PISANG CAVENDIS/KG*13,KG,0.39,00217071,CU00000001,02010129,Pisang,20101,Buah (Fruit)
2022-01-14 18:32:17.670,PISANG CAVENDIS/KG*13,KG,0.598,00217071,CU00000001,02010129,Pisang,20101,Buah (Fruit)
2022-01-03 20:59:09.860,ANGGUR HITAM/KG,KG,0.318,00355063,CU00000001,02010136,Anggur,20101,Buah (Fruit)
2022-01-02 20:35:40.757,SEMANGKA MERAH/KG,KG,0.356,00133333,CU00000001,02010133,Semangka,20101,Buah (Fruit)
2022-01-25 17:11:33.000,PISANG CAVENDIS/KG*13,KG,0.606,00217071,CU00000001,02010129,Pisang,20101,Buah (Fruit)
2022-01-02 18:45:29.030,PEPAYA CALIFORNIA,KG,0.738,00149464,CU00000001,02010128,Pepaya,20101,Buah (Fruit)
2022-01-19 14:27:31.370,SEMANGKA MERAH/KG,KG,0.492,00133333,CU00000001,02010133,Semangka,20101,Buah (Fruit)
2022-01-20 20:32:00.550,SEMANGKA MERAH/KG,KG,0.678,00133333,CU00000001,02010133,Semangka,20101,Buah (Fruit)
2022-01-09 18:44:10.997,SEMANGKA MERAH/KG,KG,0.862,00133333,CU00000001,02010133,Semangka,20101,Buah (Fruit)
2022-01-21 19:58:29.310,SEMANGKA MERAH/KG,KG,0.816,00133333,CU00000001,02010133,Semangka,20101,Buah (Fruit)
2022-01-17 14:25:43.530,TOMAT CURAH/KG,KG,0.14,00172790,CU00000001,02020102,Sayur Buah,20201,Sayur (Vegetable)
2022-01-17 13:15:09.290,WORTEL A/IMPORT/KG*9,KG,0.432,00351379,CU00000001,02020105,Sayur Akar,20201,Sayur (Vegetable)
2022-01-07 14:15:02.480,SEMANGKA MERAH/KG,KG,0.49,00133333,CU00000001,02010133,Semangka,20101,Buah (Fruit)
2022-01-24 11:28:22.437,SEMANGKA MERAH/KG,KG,0.954,00133333,CU00000001,02010133,Semangka,20101,Buah (Fruit)
2022-01-26 21:08:22.860,TOMAT CURAH/KG,KG,0.426,00172790,CU00000001,02020102,Sayur Buah,20201,Sayur (Vegetable)
2022-01-11 18:16:08.567,BAWANG MERAH CURAH/KG,KG,0.242,00156790,CU00000001,02020107,Sayur Umbi,20201,Sayur (Vegetable)
2022-01-30 17:50:04.727,SEMANGKA MERAH/KG,KG,0.662,00133333,CU00000001,02010133,Semangka,20101,Buah (Fruit)
2022-01-11 09:26:08.560,PISANG CAVENDIS/KG*13,KG,1.498,00217071,CU00000001,02010129,Pisang,20101,Buah (Fruit)
2022-01-03 20:36:42.800,APEL TOP RED/KG*19,KG,0.526,00133241,CU00000001,02010102,Apel,20101,Buah (Fruit)
2022-01-09 08:56:56.157,PEPAYA CALIFORNIA,KG,0.778,00149464,CU00000001,02010128,Pepaya,20101,Buah (Fruit)
2022-01-24 10:21:40.873,BUAH NAGA MERAH/KG,KG,0.506,00269629,CU00000001,02010107,Buah Naga,20101,Buah (Fruit)
2022-01-17 09:43:14.163,SEMANGKA MERAH/KG,KG,0.45,00133333,CU00000001,02010133,Semangka,20101,Buah (Fruit)
2022-01-29 10:01:44.343,PISANG CAVENDIS/KG*13,KG,0.392,00217071,CU00000001,02010129,Pisang,20101,Buah (Fruit)
2022-01-19 21:49:19.843,SEMANGKA MERAH/KG,KG,0.56,00133333,CU00000001,02010133,Semangka,20101,Buah (Fruit)
2022-01-15 13:04:57.917,SEMANGKA MERAH/KG,KG,0.65,00133333,CU00000001,02010133,Semangka,20101,Buah (Fruit)
2022-01-14 13:53:52.613,SEMANGKA MERAH/KG,KG,1.21,00133333,CU00000001,02010133,Semangka,20101,Buah (Fruit)
2022-01-18 12:07:19.933,WORTEL A/IMPORT/KG*9,KG,0.242,00351379,CU00000001,02020105,Sayur Akar,20201,Sayur (Vegetable)
2022-01-26 19:54:22.537,BUAH NAGA MERAH/KG,KG,0.478,00269629,CU00000001,02010107,Buah Naga,20101,Buah (Fruit)
2022-01-04 10:39:47.620,PEAR SWEET *12KG,KG,0.974,00424400,CU00000001,02010137,Pear,20101,Buah (Fruit)
2022-01-18 19:48:00.887,PEPAYA CALIFORNIA,KG,1.366,00149464,CU00000001,02010128,Pepaya,20101,Buah (Fruit)
2022-01-20 10:39:05.790,KOL PUTIH/KG,KG,0.224,00172677,CU00000001,02020101,Sayur Bunga,20201,Sayur (Vegetable)
2022-01-09 08:29:52.103,TOMAT CURAH/KG,KG,0.16,00172790,CU00000001,02020102,Sayur Buah,20201,Sayur (Vegetable)
2022-01-11 14:33:26.227,PISANG CAVENDIS/KG*13,KG,0.472,00217071,CU00000001,02010129,Pisang,20101,Buah (Fruit)
2022-01-01 20:07:19.413,PEAR SWEET *12KG,KG,1.046,00424400,CU00000001,02010137,Pear,20101,Buah (Fruit)
2022-01-14 18:02:05.793,SEMANGKA MERAH/KG,KG,0.418,00133333,CU00000001,02010133,Semangka,20101,Buah (Fruit)
2022-01-30 16:20:49.580,PISANG CAVENDIS/KG*13,KG,0.474,00217071,CU00000001,02010129,Pisang,20101,Buah (Fruit)
2022-01-14 15:19:42.237,SEMANGKA MERAH/KG,KG,1.146,00133333,CU00000001,02010133,Semangka,20101,Buah (Fruit)
2022-01-01 15:44:29.673,PISANG CAVENDIS/KG*13,KG,0.74,00217071,CU00000001,02010129,Pisang,20101,Buah (Fruit)
2022-01-09 15:02:27.247,SEMANGKA MERAH/KG,KG,0.48,00133333,CU00000001,02010133,Semangka,20101,Buah (Fruit)
2022-01-30 19:18:49.267,PEPAYA CALIFORNIA,KG,0.93,00149464,CU00000001,02010128,Pepaya,20101,Buah (Fruit)
2022-01-14 08:22:26.957,BUAH NAGA MERAH/KG,KG,1.308,00269629,CU00000001,02010107,Buah Naga,20101,Buah (Fruit)
2022-01-15 16:12:45.093,BAWANG MERAH CURAH/KG,KG,0.236,00156790,CU00000001,02020107,Sayur Umbi,20201,Sayur (Vegetable)
2022-01-06 10:55:22.350,ANGGUR HITAM/KG,KG,0.65,00355063,CU00000001,02010136,Anggur,20101,Buah (Fruit)
2022-01-23 18:52:57.087,PISANG CAVENDIS/KG*13,KG,0.396,00217071,CU00000001,02010129,Pisang,20101,Buah (Fruit)
2022-01-24 12:20:29.270,SEMANGKA MERAH/KG,KG,0.45,00133333,CU00000001,02010133,Semangka,20101,Buah (Fruit)
2022-01-28 20:37:39.230,APEL TOP RED/KG*19,KG,0.396,00133241,CU00000001,02010102,Apel,20101,Buah (Fruit)
2022-01-25 12:19:11.033,PISANG CAVENDIS/KG*13,KG,0.59,00217071,CU00000001,02010129,Pisang,20101,Buah (Fruit)
2022-01-03 21:08:55.290,BAWANG PUTIH CURAH/KG,KG,0.246,00156806,CU00000001,02020107,Sayur Umbi,20201,Sayur (Vegetable)
2022-01-25 15:40:37.673,PISANG CAVENDIS/KG*13,KG,0.564,00217071,CU00000001,02010129,Pisang,20101,Buah (Fruit)
2022-01-23 16:13:02.653,SEMANGKA MERAH/KG,KG,0.522,00133333,CU00000001,02010133,Semangka,20101,Buah (Fruit)
2022-01-30 18:01:36.823,SALAK PONDOH/KG,KG,0.458,00291583,CU00000001,02010131,Salak,20101,Buah (Fruit)
2022-01-12 16:26:39.677,SEMANGKA MERAH/KG,KG,0.498,00133333,CU00000001,02010133,Semangka,20101,Buah (Fruit)
2022-01-16 18:28:41.177,APEL TOP RED/KG*19,KG,0.25,00133241,CU00000001,02010102,Apel,20101,Buah (Fruit)
2022-01-01 10:25:35.900,BAWANG MERAH CURAH/KG,KG,0.256,00156790,CU00000001,02020107,Sayur Umbi,20201,Sayur (Vegetable)
2022-01-04 16:15:51.123,PEPAYA CALIFORNIA,KG,1.398,00149464,CU00000001,02010128,Pepaya,20101,Buah (Fruit)
2022-01-04 19:28:00.990,ANGGUR HITAM/KG,KG,0.336,00355063,CU00000001,02010136,Anggur,20101,Buah (Fruit)
2022-01-30 19:05:34.080,PEPAYA CALIFORNIA,KG,0.974,00149464,CU00000001,02010128,Pepaya,20101,Buah (Fruit)
2022-01-09 19:53:54.567,PISANG CAVENDIS/KG*13,KG,0.71,00217071,CU00000001,02010129,Pisang,20101,Buah (Fruit)
2022-01-09 08:29:44.543,BAWANG MERAH CURAH/KG,KG,0.264,00156790,CU00000001,02020107,Sayur Umbi,20201,Sayur (Vegetable)
2022-01-13 18:47:42.660,BUAH NAGA MERAH/KG,KG,1.142,00269629,CU00000001,02010107,Buah Naga,20101,Buah (Fruit)
2022-01-23 20:37:33.670,SEMANGKA MERAH/KG,KG,0.558,00133333,CU00000001,02010133,Semangka,20101,Buah (Fruit)
2022-01-27 20:42:16.440,PISANG CAVENDIS/KG*13,KG,1.566,00217071,CU00000001,02010129,Pisang,20101,Buah (Fruit)
2022-01-16 18:34:18.263,PISANG CAVENDIS/KG*13,KG,0.262,00217071,CU00000001,02010129,Pisang,20101,Buah (Fruit)
2022-01-24 17:58:35.087,PEPAYA CALIFORNIA,KG,2.464,00149464,CU00000001,02010128,Pepaya,20101,Buah (Fruit)
2022-01-25 20:27:42.780,WORTEL A/IMPORT/KG*9,KG,0.414,00351379,CU00000001,02020105,Sayur Akar,20201,Sayur (Vegetable)
2022-01-22 11:44:40.063,PISANG CAVENDIS/KG*13,KG,0.358,00217071,CU00000001,02010129,Pisang,20101,Buah (Fruit)
2022-01-19 21:29:11.350,SALAK PONDOH/KG,KG,0.528,00291583,CU00000001,02010131,Salak,20101,Buah (Fruit)
2022-01-02 13:59:16.147,SEMANGKA MERAH/KG,KG,0.462,00133333,CU00000001,02010133,Semangka,20101,Buah (Fruit)
2022-01-16 18:28:31.817,BUAH NAGA MERAH/KG,KG,0.406,00269629,CU00000001,02010107,Buah Naga,20101,Buah (Fruit)
2022-01-21 15:28:20.410,TOMAT CURAH/KG,KG,0.292,00172790,CU00000001,02020102,Sayur Buah,20201,Sayur (Vegetable)
2022-01-05 19:47:23.120,PEPAYA CALIFORNIA,KG,1.38,00149464,CU00000001,02010128,Pepaya,20101,Buah (Fruit)
2022-01-04 19:36:46.170,BUAH NAGA MERAH/KG,KG,0.142,00269629,CU00000001,02010107,Buah Naga,20101,Buah (Fruit)
2022-01-21 18:31:42.903,SEMANGKA MERAH/KG,KG,0.6,00133333,CU00000001,02010133,Semangka,20101,Buah (Fruit)
2022-01-08 20:30:10.823,PISANG CAVENDIS/KG*13,KG,0.568,00217071,CU00000001,02010129,Pisang,20101,Buah (Fruit)
2022-01-19 17:09:51.833,PISANG CAVENDIS/KG*13,KG,0.448,00217071,CU00000001,02010129,Pisang,20101,Buah (Fruit)
2022-01-29 20:04:17.193,PEAR SWEET *12KG,KG,0.652,00424400,CU00000001,02010137,Pear,20101,Buah (Fruit)
2022-01-14 21:25:45.547,BUAH NAGA MERAH/KG,KG,1.142,00269629,CU00000001,02010107,Buah Naga,20101,Buah (Fruit)
2022-01-06 18:29:45.717,PISANG CAVENDIS/KG*13,KG,0.896,00217071,CU00000001,02010129,Pisang,20101,Buah (Fruit)
2022-01-26 18:29:50.993,PISANG CAVENDIS/KG*13,KG,0.448,00217071,CU00000001,02010129,Pisang,20101,Buah (Fruit)
2022-01-07 16:28:32.930,PISANG CAVENDIS/KG*13,KG,0.392,00217071,CU00000001,02010129,Pisang,20101,Buah (Fruit)
2022-01-30 20:24:32.610,SEMANGKA MERAH/KG,KG,0.452,00133333,CU00000001,02010133,Semangka,20101,Buah (Fruit)
2022-01-29 15:49:05.847,PISANG CAVENDIS/KG*13,KG,0.538,00217071,CU00000001,02010129,Pisang,20101,Buah (Fruit)
2022-01-16 10:27:59.580,ANGGUR HITAM/KG,KG,0.378,00355063,CU00000001,02010136,Anggur,20101,Buah (Fruit)
2022-01-06 19:09:29.927,BAWANG MERAH CURAH/KG,KG,0.304,00156790,CU00000001,02020107,Sayur Umbi,20201,Sayur (Vegetable)
2022-01-03 19:17:30.750,BAWANG MERAH CURAH/KG,KG,0.376,00156790,CU00000001,02020107,Sayur Umbi,20201,Sayur (Vegetable)
2022-01-09 18:16:48.700,PEPAYA CALIFORNIA,KG,1.51,00149464,CU00000001,02010128,Pepaya,20101,Buah (Fruit)
2022-01-23 20:54:44.733,TOMAT CURAH/KG,KG,0.394,00172790,CU00000001,02020102,Sayur Buah,20201,Sayur (Vegetable)
2022-01-24 17:07:19.867,TOMAT CURAH/KG,KG,0.3,00172790,CU00000001,02020102,Sayur Buah,20201,Sayur (Vegetable)
2022-01-02 15:55:32.020,KACANG HIJAU / KG,KG,0.53,00100809,CU00000001,01011601,Kacang Hijau,10116,Biji-bijian (Seeds)
2022-01-03 16:13:36.420,BUAH NAGA MERAH/KG,KG,0.852,00269629,CU00000001,02010107,Buah Naga,20101,Buah (Fruit)
2022-01-08 10:39:38.463,SEMANGKA MERAH/KG,KG,0.588,00133333,CU00000001,02010133,Semangka,20101,Buah (Fruit)
2022-01-12 10:49:40.460,PISANG CAVENDIS/KG*13,KG,1.244,00217071,CU00000001,02010129,Pisang,20101,Buah (Fruit)
2022-01-04 08:57:46.857,PEPAYA CALIFORNIA,KG,1.308,00149464,CU00000001,02010128,Pepaya,20101,Buah (Fruit)
2022-01-25 17:45:56.123,BUAH NAGA MERAH/KG,KG,0.138,00269629,CU00000001,02010107,Buah Naga,20101,Buah (Fruit)
2022-01-07 13:27:52.063,SEMANGKA MERAH/KG,KG,0.592,00133333,CU00000001,02010133,Semangka,20101,Buah (Fruit)
2022-01-14 13:29:32.840,SEMANGKA MERAH/KG,KG,0.65,00133333,CU00000001,02010133,Semangka,20101,Buah (Fruit)
2022-01-23 14:09:26.887,APEL TOP RED/KG*19,KG,0.282,00133241,CU00000001,02010102,Apel,20101,Buah (Fruit)
2022-01-09 19:04:05.913,SEMANGKA MERAH/KG,KG,0.548,00133333,CU00000001,02010133,Semangka,20101,Buah (Fruit)
2022-01-13 16:18:53.770,BAWANG MERAH CURAH/KG,KG,0.274,00156790,CU00000001,02020107,Sayur Umbi,20201,Sayur (Vegetable)
2022-01-12 13:03:32.887,PEPAYA CALIFORNIA,KG,1.254,00149464,CU00000001,02010128,Pepaya,20101,Buah (Fruit)
2022-01-18 16:18:10.050,SEMANGKA MERAH/KG,KG,0.464,00133333,CU00000001,02010133,Semangka,20101,Buah (Fruit)
2022-01-19 18:23:12.713,TOMAT CURAH/KG,KG,0.364,00172790,CU00000001,02020102,Sayur Buah,20201,Sayur (Vegetable)
2022-01-02 13:35:06.967,PISANG CAVENDIS/KG*13,KG,0.538,00217071,CU00000001,02010129,Pisang,20101,Buah (Fruit)
2022-01-16 17:14:11.433,BUAH NAGA MERAH/KG,KG,1.182,00269629,CU00000001,02010107,Buah Naga,20101,Buah (Fruit)
2022-01-06 17:01:55.707,PISANG CAVENDIS/KG*13,KG,0.514,00217071,CU00000001,02010129,Pisang,20101,Buah (Fruit)
2022-01-12 20:22:32.343,PEPAYA CALIFORNIA,KG,2.702,00149464,CU00000001,02010128,Pepaya,20101,Buah (Fruit)
2022-01-09 19:04:04.383,TOMAT CURAH/KG,KG,0.262,00172790,CU00000001,02020102,Sayur Buah,20201,Sayur (Vegetable)
2022-01-25 17:06:30.000,TOMAT CURAH/KG,KG,0.274,00172790,CU00000001,02020102,Sayur Buah,20201,Sayur (Vegetable)
2022-01-30 09:29:58.800,PISANG CAVENDIS/KG*13,KG,0.382,00217071,CU00000001,02010129,Pisang,20101,Buah (Fruit)
2022-01-20 18:26:59.160,ANGGUR HITAM/KG,KG,0.284,00355063,CU00000001,02010136,Anggur,20101,Buah (Fruit)
2022-01-25 11:52:50.097,TOMAT CURAH/KG,KG,0.324,00172790,CU00000001,02020102,Sayur Buah,20201,Sayur (Vegetable)
2022-01-07 21:25:05.030,PISANG CAVENDIS/KG*13,KG,0.36,00217071,CU00000001,02010129,Pisang,20101,Buah (Fruit)
2022-01-01 20:05:09.470,APEL TOP RED/KG*19,KG,0.264,00133241,CU00000001,02010102,Apel,20101,Buah (Fruit)
2022-01-01 10:25:46.243,BAWANG PUTIH CURAH/KG,KG,0.24,00156806,CU00000001,02020107,Sayur Umbi,20201,Sayur (Vegetable)
2022-01-19 18:28:05.110,BAWANG PUTIH CURAH/KG,KG,0.216,00156806,CU00000001,02020107,Sayur Umbi,20201,Sayur (Vegetable)
2022-01-26 09:47:42.940,PISANG CAVENDIS/KG*13,KG,0.528,00217071,CU00000001,02010129,Pisang,20101,Buah (Fruit)
2022-01-09 18:54:50.413,TOMAT CURAH/KG,KG,0.234,00172790,CU00000001,02020102,Sayur Buah,20201,Sayur (Vegetable)
2022-01-17 18:33:46.137,SEMANGKA MERAH/KG,KG,0.582,00133333,CU00000001,02010133,Semangka,20101,Buah (Fruit)
2022-01-17 19:01:21.937,SEMANGKA MERAH/KG,KG,4.7,00133333,CU00000001,02010133,Semangka,20101,Buah (Fruit)
2022-01-03 21:46:43.820,BAWANG PUTIH CURAH/KG,KG,-1.0,00156806,CU00000001,02020107,Sayur Umbi,20201,Sayur (Vegetable)
2022-01-07 12:16:38.290,ANGGUR HITAM/KG,KG,0.284,00355063,CU00000001,02010136,Anggur,20101,Buah (Fruit)
2022-01-20 19:30:21.283,PEPAYA CALIFORNIA,KG,0.888,00149464,CU00000001,02010128,Pepaya,20101,Buah (Fruit)
2022-01-01 17:10:19.473,SEMANGKA MERAH/KG,KG,0.36,00133333,CU00000001,02010133,Semangka,20101,Buah (Fruit)
2022-01-30 14:42:36.623,ANGGUR HITAM/KG,KG,0.368,00355063,CU00000001,02010136,Anggur,20101,Buah (Fruit)
2022-01-02 10:33:56.373,APEL TOP RED/KG*19,KG,0.496,00133241,CU00000001,02010102,Apel,20101,Buah (Fruit)
2022-01-17 18:16:11.940,SEMANGKA MERAH/KG,KG,0.388,00133333,CU00000001,02010133,Semangka,20101,Buah (Fruit)
2022-01-13 20:01:53.077,SEMANGKA MERAH/KG,KG,0.428,00133333,CU00000001,02010133,Semangka,20101,Buah (Fruit)
2022-01-06 11:31:25.200,PISANG CAVENDIS/KG*13,KG,0.508,00217071,CU00000001,02010129,Pisang,20101,Buah (Fruit)
2022-01-27 21:14:13.437,APEL TOP RED/KG*19,KG,0.398,00133241,CU00000001,02010102,Apel,20101,Buah (Fruit)
2022-01-25 12:50:12.477,WORTEL A/IMPORT/KG*9,KG,0.436,00351379,CU00000001,02020105,Sayur Akar,20201,Sayur (Vegetable)
2022-01-06 12:57:49.617,APEL TOP RED/KG*19,KG,0.92,00133241,CU00000001,02010102,Apel,20101,Buah (Fruit)
2022-01-21 13:52:16.563,PISANG CAVENDIS/KG*13,KG,0.432,00217071,CU00000001,02010129,Pisang,20101,Buah (Fruit)
2022-01-28 19:08:12.653,PEPAYA CALIFORNIA,KG,0.75,00149464,CU00000001,02010128,Pepaya,20101,Buah (Fruit)
2022-01-15 10:45:42.380,ANGGUR HITAM/KG,KG,0.808,00355063,CU00000001,02010136,Anggur,20101,Buah (Fruit)
2022-01-23 12:54:58.367,KOL PUTIH/KG,KG,0.476,00172677,CU00000001,02020101,Sayur Bunga,20201,Sayur (Vegetable)
2022-01-09 13:22:08.027,BUAH NAGA MERAH/KG,KG,0.562,00269629,CU00000001,02010107,Buah Naga,20101,Buah (Fruit)
2022-01-14 12:17:34.210,PISANG CAVENDIS/KG*13,KG,0.312,00217071,CU00000001,02010129,Pisang,20101,Buah (Fruit)
2022-01-29 17:13:28.343,PISANG CAVENDIS/KG*13,KG,0.37,00217071,CU00000001,02010129,Pisang,20101,Buah (Fruit)
2022-01-27 19:48:08.893,SEMANGKA MERAH/KG,KG,0.332,00133333,CU00000001,02010133,Semangka,20101,Buah (Fruit)
2022-01-07 19:17:50.993,KOL PUTIH/KG,KG,0.158,00172677,CU00000001,02020101,Sayur Bunga,20201,Sayur (Vegetable)
2022-01-13 18:18:05.420,BUAH NAGA MERAH/KG,KG,0.134,00269629,CU00000001,02010107,Buah Naga,20101,Buah (Fruit)
2022-01-23 19:19:41.923,SEMANGKA MERAH/KG,KG,0.484,00133333,CU00000001,02010133,Semangka,20101,Buah (Fruit)
2022-01-29 19:48:34.863,PISANG CAVENDIS/KG*13,KG,0.856,00217071,CU00000001,02010129,Pisang,20101,Buah (Fruit)
2022-01-01 11:34:56.697,PISANG CAVENDIS/KG*13,KG,0.554,00217071,CU00000001,02010129,Pisang,20101,Buah (Fruit)
2022-01-06 13:54:12.720,KACANG HIJAU / KG,KG,1.524,00100809,CU00000001,01011601,Kacang Hijau,10116,Biji-bijian (Seeds)
2022-01-06 09:44:33.090,SALAK PONDOH/KG,KG,0.422,00291583,CU00000001,02010131,Salak,20101,Buah (Fruit)
2022-01-16 15:02:17.770,BUAH NAGA MERAH/KG,KG,0.772,00269629,CU00000001,02010107,Buah Naga,20101,Buah (Fruit)
2022-01-02 20:17:55.780,BAWANG MERAH CURAH/KG,KG,0.32,00156790,CU00000001,02020107,Sayur Umbi,20201,Sayur (Vegetable)
2022-01-24 17:54:08.827,SEMANGKA MERAH/KG,KG,0.514,00133333,CU00000001,02010133,Semangka,20101,Buah (Fruit)
2022-01-16 18:44:11.540,SEMANGKA MERAH/KG,KG,0.662,00133333,CU00000001,02010133,Semangka,20101,Buah (Fruit)
2022-01-09 16:42:39.217,APEL TOP RED/KG*19,KG,0.254,00133241,CU00000001,02010102,Apel,20101,Buah (Fruit)
2022-01-11 15:19:52.080,SALAK PONDOH/KG,KG,0.33,00291583,CU00000001,02010131,Salak,20101,Buah (Fruit)
2022-01-16 18:27:43.797,SEMANGKA MERAH/KG,KG,0.558,00133333,CU00000001,02010133,Semangka,20101,Buah (Fruit)
2022-01-03 18:12:21.357,SEMANGKA MERAH/KG,KG,0.412,00133333,CU00000001,02010133,Semangka,20101,Buah (Fruit)
2022-01-09 10:38:09.460,BUAH NAGA MERAH/KG,KG,0.2,00269629,CU00000001,02010107,Buah Naga,20101,Buah (Fruit)
2022-01-21 11:54:48.380,BUAH NAGA MERAH/KG,KG,0.158,00269629,CU00000001,02010107,Buah Naga,20101,Buah (Fruit)
2022-01-24 20:26:32.760,SEMANGKA MERAH/KG,KG,0.426,00133333,CU00000001,02010133,Semangka,20101,Buah (Fruit)
2022-01-30 20:55:57.503,BUAH NAGA MERAH/KG,KG,0.146,00269629,CU00000001,02010107,Buah Naga,20101,Buah (Fruit)
2022-01-02 12:38:17.557,ANGGUR HITAM/KG,KG,0.284,00355063,CU00000001,02010136,Anggur,20101,Buah (Fruit)
2022-01-25 19:08:04.913,APEL TOP RED/KG*19,KG,0.136,00133241,CU00000001,02010102,Apel,20101,Buah (Fruit)
2022-01-28 10:32:33.007,BAWANG MERAH CURAH/KG,KG,0.214,00156790,CU00000001,02020107,Sayur Umbi,20201,Sayur (Vegetable)
2022-01-01 20:08:13.653,APEL TOP RED/KG*19,KG,0.522,00133241,CU00000001,02010102,Apel,20101,Buah (Fruit)
2022-01-03 16:13:24.143,PEPAYA CALIFORNIA,KG,1.312,00149464,CU00000001,02010128,Pepaya,20101,Buah (Fruit)
2022-01-16 16:08:38.447,PEAR SWEET *12KG,KG,0.524,00424400,CU00000001,02010137,Pear,20101,Buah (Fruit)
2022-01-17 19:11:04.553,PISANG CAVENDIS/KG*13,KG,0.5,00217071,CU00000001,02010129,Pisang,20101,Buah (Fruit)
2022-01-08 15:39:35.977,BUAH NAGA MERAH/KG,KG,1.01,00269629,CU00000001,02010107,Buah Naga,20101,Buah (Fruit)
2022-01-27 16:33:04.337,APEL TOP RED/KG*19,KG,0.268,00133241,CU00000001,02010102,Apel,20101,Buah (Fruit)
2022-01-02 17:21:05.417,SEMANGKA MERAH/KG,KG,0.506,00133333,CU00000001,02010133,Semangka,20101,Buah (Fruit)
2022-01-22 20:06:21.243,WORTEL A/IMPORT/KG*9,KG,0.468,00351379,CU00000001,02020105,Sayur Akar,20201,Sayur (Vegetable)
2022-01-09 13:23:39.743,SEMANGKA MERAH/KG,KG,0.416,00133333,CU00000001,02010133,Semangka,20101,Buah (Fruit)
2022-01-13 20:05:25.223,SEMANGKA MERAH/KG,KG,0.742,00133333,CU00000001,02010133,Semangka,20101,Buah (Fruit)
2022-01-18 17:13:59.230,ANGGUR HITAM/KG,KG,0.382,00355063,CU00000001,02010136,Anggur,20101,Buah (Fruit)
2022-01-19 09:11:55.647,PISANG CAVENDIS/KG*13,KG,0.834,00217071,CU00000001,02010129,Pisang,20101,Buah (Fruit)
2022-01-23 11:35:24.827,BAWANG MERAH CURAH/KG,KG,0.234,00156790,CU00000001,02020107,Sayur Umbi,20201,Sayur (Vegetable)
2022-01-25 20:43:52.323,SEMANGKA MERAH/KG,KG,0.47,00133333,CU00000001,02010133,Semangka,20101,Buah (Fruit)
2022-01-09 20:45:16.090,BAWANG PUTIH CURAH/KG,KG,0.218,00156806,CU00000001,02020107,Sayur Umbi,20201,Sayur (Vegetable)
2022-01-30 09:25:39.633,PISANG CAVENDIS/KG*13,KG,0.356,00217071,CU00000001,02010129,Pisang,20101,Buah (Fruit)
2022-01-05 18:27:15.910,PISANG CAVENDIS/KG*13,KG,0.436,00217071,CU00000001,02010129,Pisang,20101,Buah (Fruit)
2022-01-26 15:28:05.010,BUAH NAGA MERAH/KG,KG,0.43,00269629,CU00000001,02010107,Buah Naga,20101,Buah (Fruit)
2022-01-08 21:05:02.170,BAWANG PUTIH CURAH/KG,KG,0.156,00156806,CU00000001,02020107,Sayur Umbi,20201,Sayur (Vegetable)
2022-01-15 16:09:25.947,SEMANGKA MERAH/KG,KG,0.946,00133333,CU00000001,02010133,Semangka,20101,Buah (Fruit)
2022-01-08 16:22:56.693,BAWANG PUTIH CURAH/KG,KG,0.222,00156806,CU00000001,02020107,Sayur Umbi,20201,Sayur (Vegetable)
2022-01-23 12:52:47.110,BAWANG PUTIH CURAH/KG,KG,0.25,00156806,CU00000001,02020107,Sayur Umbi,20201,Sayur (Vegetable)
2022-01-04 18:02:22.737,PISANG CAVENDIS/KG*13,KG,0.468,00217071,CU00000001,02010129,Pisang,20101,Buah (Fruit)
2022-01-21 21:48:22.210,ANGGUR HITAM/KG,KG,0.38,00355063,CU00000001,02010136,Anggur,20101,Buah (Fruit)
2022-01-22 14:02:06.400,SEMANGKA MERAH/KG,KG,0.504,00133333,CU00000001,02010133,Semangka,20101,Buah (Fruit)
2022-01-01 12:06:59.860,BAWANG MERAH CURAH/KG,KG,0.322,00156790,CU00000001,02020107,Sayur Umbi,20201,Sayur (Vegetable)
2022-01-02 19:28:58.320,PEPAYA CALIFORNIA,KG,1.206,00149464,CU00000001,02010128,Pepaya,20101,Buah (Fruit)
2022-01-17 18:47:50.487,PISANG CAVENDIS/KG*13,KG,0.328,00217071,CU00000001,02010129,Pisang,20101,Buah (Fruit)
2022-01-07 20:54:06.560,PISANG CAVENDIS/KG*13,KG,1.228,00217071,CU00000001,02010129,Pisang,20101,Buah (Fruit)
2022-01-04 21:47:52.120,PISANG CAVENDIS/KG*13,KG,0.364,00217071,CU00000001,02010129,Pisang,20101,Buah (Fruit)
2022-01-15 16:29:28.443,PISANG CAVENDIS/KG*13,KG,0.498,00217071,CU00000001,02010129,Pisang,20101,Buah (Fruit)
2022-01-29 11:31:21.687,PISANG CAVENDIS/KG*13,KG,0.472,00217071,CU00000001,02010129,Pisang,20101,Buah (Fruit)
2022-01-14 16:24:04.487,SEMANGKA MERAH/KG,KG,0.53,00133333,CU00000001,02010133,Semangka,20101,Buah (Fruit)
2022-01-05 10:27:45.437,SEMANGKA MERAH/KG,KG,0.508,00133333,CU00000001,02010133,Semangka,20101,Buah (Fruit)
2022-01-04 11:21:19.370,SEMANGKA MERAH/KG,KG,4.086,00133333,CU00000001,02010133,Semangka,20101,Buah (Fruit)
2022-01-25 11:52:34.067,PISANG CAVENDIS/KG*13,KG,0.642,00217071,CU00000001,02010129,Pisang,20101,Buah (Fruit)
2022-01-04 19:32:28.453,SEMANGKA MERAH/KG,KG,0.436,00133333,CU00000001,02010133,Semangka,20101,Buah (Fruit)
2022-01-23 15:22:03.590,PEPAYA CALIFORNIA,KG,3.442,00149464,CU00000001,02010128,Pepaya,20101,Buah (Fruit)
2022-01-03 16:53:11.230,PEAR SWEET *12KG,KG,0.436,00424400,CU00000001,02010137,Pear,20101,Buah (Fruit)
2022-01-18 13:33:53.623,SEMANGKA MERAH/KG,KG,1.046,00133333,CU00000001,02010133,Semangka,20101,Buah (Fruit)
2022-01-28 18:36:35.137,PISANG CAVENDIS/KG*13,KG,0.592,00217071,CU00000001,02010129,Pisang,20101,Buah (Fruit)
2022-01-13 15:18:29.720,ANGGUR HITAM/KG,KG,0.432,00355063,CU00000001,02010136,Anggur,20101,Buah (Fruit)
2022-01-22 18:47:21.743,PISANG CAVENDIS/KG*13,KG,0.392,00217071,CU00000001,02010129,Pisang,20101,Buah (Fruit)
2022-01-12 09:25:28.363,PISANG CAVENDIS/KG*13,KG,0.43,00217071,CU00000001,02010129,Pisang,20101,Buah (Fruit)
2022-01-13 17:29:46.430,PISANG CAVENDIS/KG*13,KG,0.472,00217071,CU00000001,02010129,Pisang,20101,Buah (Fruit)
2022-01-20 16:39:36.887,SEMANGKA MERAH/KG,KG,1.418,00133333,CU00000001,02010133,Semangka,20101,Buah (Fruit)
2022-01-22 09:23:06.090,PISANG CAVENDIS/KG*13,KG,1.248,00217071,CU00000001,02010129,Pisang,20101,Buah (Fruit)
2022-01-16 12:15:28.413,SEMANGKA MERAH/KG,KG,0.542,00133333,CU00000001,02010133,Semangka,20101,Buah (Fruit)
2022-01-16 12:22:30.390,SEMANGKA MERAH/KG,KG,1.036,00133333,CU00000001,02010133,Semangka,20101,Buah (Fruit)
2022-01-26 19:51:02.310,PISANG CAVENDIS/KG*13,KG,0.578,00217071,CU00000001,02010129,Pisang,20101,Buah (Fruit)
2022-01-01 17:39:52.150,PISANG CAVENDIS/KG*13,KG,0.388,00217071,CU00000001,02010129,Pisang,20101,Buah (Fruit)
2022-01-15 15:31:43.050,BAWANG PUTIH CURAH/KG,KG,0.164,00156806,CU00000001,02020107,Sayur Umbi,20201,Sayur (Vegetable)
2022-01-17 18:30:19.367,SEMANGKA MERAH/KG,KG,4.426,00133333,CU00000001,02010133,Semangka,20101,Buah (Fruit)
2022-01-24 18:06:18.993,PISANG CAVENDIS/KG*13,KG,0.536,00217071,CU00000001,02010129,Pisang,20101,Buah (Fruit)
2022-01-25 20:05:29.450,PEAR SWEET *12KG,KG,0.946,00424400,CU00000001,02010137,Pear,20101,Buah (Fruit)
2022-01-19 18:27:42.987,BAWANG MERAH CURAH/KG,KG,0.258,00156790,CU00000001,02020107,Sayur Umbi,20201,Sayur (Vegetable)
2022-01-25 20:35:12.147,PISANG CAVENDIS/KG*13,KG,0.596,00217071,CU00000001,02010129,Pisang,20101,Buah (Fruit)
2022-01-24 13:27:50.393,PISANG CAVENDIS/KG*13,KG,0.994,00217071,CU00000001,02010129,Pisang,20101,Buah (Fruit)
2022-01-08 20:40:26.060,SEMANGKA MERAH/KG,KG,0.728,00133333,CU00000001,02010133,Semangka,20101,Buah (Fruit)
2022-01-28 20:02:16.823,APEL TOP RED/KG*19,KG,0.408,00133241,CU00000001,02010102,Apel,20101,Buah (Fruit)
2022-01-26 16:00:40.263,SEMANGKA MERAH/KG,KG,0.928,00133333,CU00000001,02010133,Semangka,20101,Buah (Fruit)
2022-01-17 15:46:53.867,TOMAT CURAH/KG,KG,0.834,00172790,CU00000001,02020102,Sayur Buah,20201,Sayur (Vegetable)
2022-01-08 20:50:52.200,PEPAYA CALIFORNIA,KG,1.324,00149464,CU00000001,02010128,Pepaya,20101,Buah (Fruit)
2022-01-18 19:51:22.830,PEPAYA CALIFORNIA,KG,1.61,00149464,CU00000001,02010128,Pepaya,20101,Buah (Fruit)
2022-01-19 12:10:46.977,APEL TOP RED/KG*19,KG,0.258,00133241,CU00000001,02010102,Apel,20101,Buah (Fruit)
2022-01-15 17:03:44.613,TOMAT CURAH/KG,KG,0.34,00172790,CU00000001,02020102,Sayur Buah,20201,Sayur (Vegetable)
2022-01-22 11:10:50.323,SEMANGKA MERAH/KG,KG,0.636,00133333,CU00000001,02010133,Semangka,20101,Buah (Fruit)
2022-01-30 16:25:40.913,PISANG CAVENDIS/KG*13,KG,0.392,00217071,CU00000001,02010129,Pisang,20101,Buah (Fruit)
2022-01-14 17:46:37.163,WORTEL A/IMPORT/KG*9,KG,0.445,00351379,CU00000001,02020105,Sayur Akar,20201,Sayur (Vegetable)
2022-01-03 18:44:12.477,PISANG CAVENDIS/KG*13,KG,0.536,00217071,CU00000001,02010129,Pisang,20101,Buah (Fruit)
2022-01-13 10:17:19.187,SEMANGKA MERAH/KG,KG,0.434,00133333,CU00000001,02010133,Semangka,20101,Buah (Fruit)
2022-01-04 19:36:35.123,SALAK PONDOH/KG,KG,0.564,00291583,CU00000001,02010131,Salak,20101,Buah (Fruit)
2022-01-10 18:08:32.123,BAWANG MERAH CURAH/KG,KG,0.288,00156790,CU00000001,02020107,Sayur Umbi,20201,Sayur (Vegetable)
2022-01-16 08:06:46.083,PISANG CAVENDIS/KG*13,KG,0.316,00217071,CU00000001,02010129,Pisang,20101,Buah (Fruit)
2022-01-06 21:20:35.403,PEPAYA CALIFORNIA,KG,1.564,00149464,CU00000001,02010128,Pepaya,20101,Buah (Fruit)
2022-01-27 18:26:27.660,PEPAYA CALIFORNIA,KG,0.768,00149464,CU00000001,02010128,Pepaya,20101,Buah (Fruit)
2022-01-11 12:57:48.580,PISANG CAVENDIS/KG*13,KG,0.568,00217071,CU00000001,02010129,Pisang,20101,Buah (Fruit)
2022-01-17 18:15:56.863,PEPAYA CALIFORNIA,KG,0.826,00149464,CU00000001,02010128,Pepaya,20101,Buah (Fruit)
2022-01-30 21:05:25.280,PEAR SWEET *12KG,KG,0.43,00424400,CU00000001,02010137,Pear,20101,Buah (Fruit)
2022-01-02 18:23:43.230,BUAH NAGA MERAH/KG,KG,0.396,00269629,CU00000001,02010107,Buah Naga,20101,Buah (Fruit)
2022-01-24 09:34:14.470,SEMANGKA MERAH/KG,KG,0.424,00133333,CU00000001,02010133,Semangka,20101,Buah (Fruit)
2022-01-23 09:07:32.457,PISANG CAVENDIS/KG*13,KG,0.446,00217071,CU00000001,02010129,Pisang,20101,Buah (Fruit)
2022-01-16 16:13:40.717,SEMANGKA MERAH/KG,KG,0.544,00133333,CU00000001,02010133,Semangka,20101,Buah (Fruit)
2022-01-05 15:51:27.807,PISANG CAVENDIS/KG*13,KG,0.382,00217071,CU00000001,02010129,Pisang,20101,Buah (Fruit)
2022-01-30 10:27:42.240,PEPAYA CALIFORNIA,KG,1.03,00149464,CU00000001,02010128,Pepaya,20101,Buah (Fruit)
2022-01-27 21:10:19.903,PEAR SWEET *12KG,KG,1.054,00424400,CU00000001,02010137,Pear,20101,Buah (Fruit)
2022-01-18 13:02:03.673,ANGGUR HITAM/KG,KG,0.382,00355063,CU00000001,02010136,Anggur,20101,Buah (Fruit)
2022-01-12 11:46:16.520,PISANG CAVENDIS/KG*13,KG,1.062,00217071,CU00000001,02010129,Pisang,20101,Buah (Fruit)
2022-01-11 14:17:13.043,SEMANGKA MERAH/KG,KG,0.506,00133333,CU00000001,02010133,Semangka,20101,Buah (Fruit)
2022-01-03 19:26:11.270,SEMANGKA MERAH/KG,KG,0.44,00133333,CU00000001,02010133,Semangka,20101,Buah (Fruit)
2022-01-19 17:15:39.170,PISANG CAVENDIS/KG*13,KG,0.372,00217071,CU00000001,02010129,Pisang,20101,Buah (Fruit)
2022-01-18 18:26:38.087,TOMAT CURAH/KG,KG,0.694,00172790,CU00000001,02020102,Sayur Buah,20201,Sayur (Vegetable)
2022-01-10 11:38:28.030,SEMANGKA MERAH/KG,KG,0.324,00133333,CU00000001,02010133,Semangka,20101,Buah (Fruit)
2022-01-24 11:08:32.370,BAWANG MERAH CURAH/KG,KG,0.442,00156790,CU00000001,02020107,Sayur Umbi,20201,Sayur (Vegetable)
2022-01-26 19:54:41.300,APEL TOP RED/KG*19,KG,0.282,00133241,CU00000001,02010102,Apel,20101,Buah (Fruit)
2022-01-29 15:49:12.750,PEPAYA CALIFORNIA,KG,0.716,00149464,CU00000001,02010128,Pepaya,20101,Buah (Fruit)
2022-01-19 15:52:08.070,APEL TOP RED/KG*19,KG,0.132,00133241,CU00000001,02010102,Apel,20101,Buah (Fruit)
2022-01-19 12:41:28.673,PISANG CAVENDIS/KG*13,KG,0.312,00217071,CU00000001,02010129,Pisang,20101,Buah (Fruit)
2022-01-06 18:30:05.773,PEPAYA CALIFORNIA,KG,1.468,00149464,CU00000001,02010128,Pepaya,20101,Buah (Fruit)
2022-01-19 15:06:28.453,PISANG CAVENDIS/KG*13,KG,1.048,00217071,CU00000001,02010129,Pisang,20101,Buah (Fruit)
2022-01-08 16:22:28.167,BAWANG MERAH CURAH/KG,KG,0.262,00156790,CU00000001,02020107,Sayur Umbi,20201,Sayur (Vegetable)
2022-01-19 12:16:13.130,SEMANGKA MERAH/KG,KG,0.584,00133333,CU00000001,02010133,Semangka,20101,Buah (Fruit)
2022-01-04 12:08:02.000,ANGGUR HITAM/KG,KG,0.404,00355063,CU00000001,02010136,Anggur,20101,Buah (Fruit)
2022-01-13 18:18:28.350,BUAH NAGA MERAH/KG,KG,0.16,00269629,CU00000001,02010107,Buah Naga,20101,Buah (Fruit)
2022-01-05 18:41:37.987,BAWANG MERAH CURAH/KG,KG,0.282,00156790,CU00000001,02020107,Sayur Umbi,20201,Sayur (Vegetable)
2022-01-24 18:25:39.360,PEAR SWEET *12KG,KG,0.42,00424400,CU00000001,02010137,Pear,20101,Buah (Fruit)
2022-01-12 20:14:03.337,PISANG CAVENDIS/KG*13,KG,0.382,00217071,CU00000001,02010129,Pisang,20101,Buah (Fruit)
2022-01-23 14:42:57.817,PEPAYA CALIFORNIA,KG,2.136,00149464,CU00000001,02010128,Pepaya,20101,Buah (Fruit)
2022-01-12 11:46:39.500,SEMANGKA MERAH/KG,KG,0.492,00133333,CU00000001,02010133,Semangka,20101,Buah (Fruit)
2022-01-04 20:06:53.517,PEPAYA CALIFORNIA,KG,1.222,00149464,CU00000001,02010128,Pepaya,20101,Buah (Fruit)
2022-01-23 19:03:24.337,SEMANGKA MERAH/KG,KG,0.426,00133333,CU00000001,02010133,Semangka,20101,Buah (Fruit)
2022-01-25 21:14:26.623,TOMAT CURAH/KG,KG,0.28,00172790,CU00000001,02020102,Sayur Buah,20201,Sayur (Vegetable)
2022-01-18 10:55:00.370,KACANG HIJAU / KG,KG,0.498,00100809,CU00000001,01011601,Kacang Hijau,10116,Biji-bijian (Seeds)
2022-01-02 19:30:17.367,PISANG CAVENDIS/KG*13,KG,0.374,00217071,CU00000001,02010129,Pisang,20101,Buah (Fruit)
2022-01-07 21:00:19.547,SEMANGKA MERAH/KG,KG,0.524,00133333,CU00000001,02010133,Semangka,20101,Buah (Fruit)
2022-01-23 17:02:35.317,SEMANGKA MERAH/KG,KG,0.368,00133333,CU00000001,02010133,Semangka,20101,Buah (Fruit)
2022-01-23 08:48:09.280,PISANG CAVENDIS/KG*13,KG,0.554,00217071,CU00000001,02010129,Pisang,20101,Buah (Fruit)
2022-01-06 17:34:21.787,SEMANGKA MERAH/KG,KG,0.296,00133333,CU00000001,02010133,Semangka,20101,Buah (Fruit)
2022-01-08 19:56:43.333,ANGGUR HITAM/KG,KG,0.384,00355063,CU00000001,02010136,Anggur,20101,Buah (Fruit)
2022-01-02 20:38:06.150,APEL TOP RED/KG*19,KG,0.254,00133241,CU00000001,02010102,Apel,20101,Buah (Fruit)
2022-01-10 18:08:48.573,BAWANG PUTIH CURAH/KG,KG,0.192,00156806,CU00000001,02020107,Sayur Umbi,20201,Sayur (Vegetable)
2022-01-17 18:26:19.040,BAWANG MERAH CURAH/KG,KG,0.196,00156790,CU00000001,02020107,Sayur Umbi,20201,Sayur (Vegetable)
2022-01-18 18:50:04.323,TOMAT CURAH/KG,KG,0.402,00172790,CU00000001,02020102,Sayur Buah,20201,Sayur (Vegetable)
2022-01-03 13:10:54.143,ANGGUR HITAM/KG,KG,0.11,00355063,CU00000001,02010136,Anggur,20101,Buah (Fruit)
2022-01-05 18:27:07.957,BUAH NAGA MERAH/KG,KG,0.168,00269629,CU00000001,02010107,Buah Naga,20101,Buah (Fruit)
2022-01-02 17:20:57.120,BAWANG PUTIH CURAH/KG,KG,0.268,00156806,CU00000001,02020107,Sayur Umbi,20201,Sayur (Vegetable)
2022-01-20 20:33:02.663,SALAK PONDOH/KG,KG,0.692,00291583,CU00000001,02010131,Salak,20101,Buah (Fruit)
2022-01-03 20:18:50.450,TOMAT CURAH/KG,KG,0.462,00172790,CU00000001,02020102,Sayur Buah,20201,Sayur (Vegetable)
2022-01-12 18:48:44.817,BAWANG PUTIH CURAH/KG,KG,0.214,00156806,CU00000001,02020107,Sayur Umbi,20201,Sayur (Vegetable)
2022-01-06 12:19:07.563,PISANG CAVENDIS/KG*13,KG,0.364,00217071,CU00000001,02010129,Pisang,20101,Buah (Fruit)
2022-01-04 12:42:12.340,PISANG CAVENDIS/KG*13,KG,0.504,00217071,CU00000001,02010129,Pisang,20101,Buah (Fruit)
2022-01-20 19:21:17.313,KOL PUTIH/KG,KG,0.382,00172677,CU00000001,02020101,Sayur Bunga,20201,Sayur (Vegetable)
2022-01-30 16:12:18.543,SEMANGKA MERAH/KG,KG,0.522,00133333,CU00000001,02010133,Semangka,20101,Buah (Fruit)
2022-01-26 19:56:28.870,PEPAYA CALIFORNIA,KG,1.368,00149464,CU00000001,02010128,Pepaya,20101,Buah (Fruit)
2022-01-14 16:56:39.820,ANGGUR HITAM/KG,KG,0.34,00355063,CU00000001,02010136,Anggur,20101,Buah (Fruit)
2022-01-26 19:10:13.263,PISANG CAVENDIS/KG*13,KG,0.414,00217071,CU00000001,02010129,Pisang,20101,Buah (Fruit)
2022-01-13 19:03:35.067,PISANG CAVENDIS/KG*13,KG,0.438,00217071,CU00000001,02010129,Pisang,20101,Buah (Fruit)
2022-01-27 21:27:01.160,SEMANGKA MERAH/KG,KG,0.564,00133333,CU00000001,02010133,Semangka,20101,Buah (Fruit)
2022-01-06 20:48:49.627,PISANG CAVENDIS/KG*13,KG,0.616,00217071,CU00000001,02010129,Pisang,20101,Buah (Fruit)
2022-01-16 14:27:25.910,TOMAT CURAH/KG,KG,0.348,00172790,CU00000001,02020102,Sayur Buah,20201,Sayur (Vegetable)
2022-01-26 10:32:16.693,SEMANGKA MERAH/KG,KG,0.466,00133333,CU00000001,02010133,Semangka,20101,Buah (Fruit)
2022-01-28 17:57:26.820,PISANG CAVENDIS/KG*13,KG,0.622,00217071,CU00000001,02010129,Pisang,20101,Buah (Fruit)
2022-01-14 18:02:33.007,PISANG CAVENDIS/KG*13,KG,0.298,00217071,CU00000001,02010129,Pisang,20101,Buah (Fruit)
2022-01-24 20:34:39.260,BUAH NAGA MERAH/KG,KG,1.132,00269629,CU00000001,02010107,Buah Naga,20101,Buah (Fruit)
2022-01-01 20:05:16.533,BAWANG PUTIH CURAH/KG,KG,0.244,00156806,CU00000001,02020107,Sayur Umbi,20201,Sayur (Vegetable)
2022-01-18 15:41:21.457,PISANG CAVENDIS/KG*13,KG,0.322,00217071,CU00000001,02010129,Pisang,20101,Buah (Fruit)
2022-01-28 21:31:39.950,BUAH NAGA MERAH/KG,KG,0.4,00269629,CU00000001,02010107,Buah Naga,20101,Buah (Fruit)
2022-01-01 20:07:02.480,APEL TOP RED/KG*19,KG,0.668,00133241,CU00000001,02010102,Apel,20101,Buah (Fruit)
2022-01-23 09:44:30.063,PISANG CAVENDIS/KG*13,KG,0.352,00217071,CU00000001,02010129,Pisang,20101,Buah (Fruit)
2022-01-11 10:24:16.840,PISANG CAVENDIS/KG*13,KG,0.378,00217071,CU00000001,02010129,Pisang,20101,Buah (Fruit)
2022-01-02 16:13:28.303,PISANG CAVENDIS/KG*13,KG,0.306,00217071,CU00000001,02010129,Pisang,20101,Buah (Fruit)
2022-01-13 15:54:49.760,PISANG CAVENDIS/KG*13,KG,1.136,00217071,CU00000001,02010129,Pisang,20101,Buah (Fruit)
2022-01-10 19:17:31.757,PISANG CAVENDIS/KG*13,KG,0.424,00217071,CU00000001,02010129,Pisang,20101,Buah (Fruit)
2022-01-15 18:27:28.853,PISANG CAVENDIS/KG*13,KG,0.418,00217071,CU00000001,02010129,Pisang,20101,Buah (Fruit)
2022-01-01 13:51:40.963,WORTEL A/IMPORT/KG*9,KG,0.398,00351379,CU00000001,02020105,Sayur Akar,20201,Sayur (Vegetable)
2022-01-20 19:25:35.950,APEL TOP RED/KG*19,KG,1.64,00133241,CU00000001,02010102,Apel,20101,Buah (Fruit)
2022-01-09 13:37:16.890,SEMANGKA MERAH/KG,KG,0.586,00133333,CU00000001,02010133,Semangka,20101,Buah (Fruit)
2022-01-20 21:02:29.457,PISANG CAVENDIS/KG*13,KG,0.33,00217071,CU00000001,02010129,Pisang,20101,Buah (Fruit)
2022-01-12 20:52:40.707,SEMANGKA MERAH/KG,KG,0.424,00133333,CU00000001,02010133,Semangka,20101,Buah (Fruit)
2022-01-01 09:27:56.263,PISANG CAVENDIS/KG*13,KG,0.5,00217071,CU00000001,02010129,Pisang,20101,Buah (Fruit)
2022-01-21 18:42:46.193,PISANG CAVENDIS/KG*13,KG,0.286,00217071,CU00000001,02010129,Pisang,20101,Buah (Fruit)
2022-01-06 11:16:05.553,PISANG CAVENDIS/KG*13,KG,0.466,00217071,CU00000001,02010129,Pisang,20101,Buah (Fruit)
2022-01-10 11:37:27.040,KACANG HIJAU / KG,KG,0.3,00100809,CU00000001,01011601,Kacang Hijau,10116,Biji-bijian (Seeds)
2022-01-18 16:04:08.887,PISANG CAVENDIS/KG*13,KG,0.476,00217071,CU00000001,02010129,Pisang,20101,Buah (Fruit)
2022-01-30 12:37:31.890,SEMANGKA MERAH/KG,KG,0.724,00133333,CU00000001,02010133,Semangka,20101,Buah (Fruit)
2022-01-25 21:14:06.860,KOL PUTIH/KG,KG,0.384,00172677,CU00000001,02020101,Sayur Bunga,20201,Sayur (Vegetable)
2022-01-08 20:03:58.403,APEL TOP RED/KG*19,KG,0.254,00133241,CU00000001,02010102,Apel,20101,Buah (Fruit)
2022-01-04 10:21:05.187,SEMANGKA MERAH/KG,KG,0.412,00133333,CU00000001,02010133,Semangka,20101,Buah (Fruit)
2022-01-28 19:52:57.683,PISANG CAVENDIS/KG*13,KG,0.372,00217071,CU00000001,02010129,Pisang,20101,Buah (Fruit)
2022-01-12 20:37:43.290,SEMANGKA MERAH/KG,KG,4.396,00133333,CU00000001,02010133,Semangka,20101,Buah (Fruit)
2022-01-10 16:54:46.400,SALAK BALI / KG,KG,0.796,00241762,CU00000001,02010131,Salak,20101,Buah (Fruit)
2022-01-04 13:34:07.937,SEMANGKA MERAH/KG,KG,0.674,00133333,CU00000001,02010133,Semangka,20101,Buah (Fruit)
2022-01-03 18:08:14.267,SEMANGKA MERAH/KG,KG,0.506,00133333,CU00000001,02010133,Semangka,20101,Buah (Fruit)
2022-01-24 19:56:55.817,PEPAYA CALIFORNIA,KG,1.708,00149464,CU00000001,02010128,Pepaya,20101,Buah (Fruit)
2022-01-03 10:51:14.847,SEMANGKA MERAH/KG,KG,0.886,00133333,CU00000001,02010133,Semangka,20101,Buah (Fruit)
2022-01-27 11:23:20.997,SEMANGKA MERAH/KG,KG,0.5,00133333,CU00000001,02010133,Semangka,20101,Buah (Fruit)
2022-01-09 18:49:48.083,SEMANGKA MERAH/KG,KG,0.61,00133333,CU00000001,02010133,Semangka,20101,Buah (Fruit)
2022-01-27 13:40:46.460,BUAH NAGA MERAH/KG,KG,1.192,00269629,CU00000001,02010107,Buah Naga,20101,Buah (Fruit)
2022-01-28 19:53:23.990,BUAH NAGA MERAH/KG,KG,0.842,00269629,CU00000001,02010107,Buah Naga,20101,Buah (Fruit)
2022-01-21 17:04:18.330,APEL TOP RED/KG*19,KG,0.268,00133241,CU00000001,02010102,Apel,20101,Buah (Fruit)
2022-01-11 18:41:05.897,BUAH NAGA MERAH/KG,KG,0.138,00269629,CU00000001,02010107,Buah Naga,20101,Buah (Fruit)
2022-01-05 16:37:16.600,BAWANG MERAH CURAH/KG,KG,0.298,00156790,CU00000001,02020107,Sayur Umbi,20201,Sayur (Vegetable)
2022-01-15 16:12:50.360,BAWANG PUTIH CURAH/KG,KG,0.202,00156806,CU00000001,02020107,Sayur Umbi,20201,Sayur (Vegetable)
2022-01-05 17:25:30.430,SEMANGKA MERAH/KG,KG,0.454,00133333,CU00000001,02010133,Semangka,20101,Buah (Fruit)
2022-01-04 08:25:45.723,PISANG CAVENDIS/KG*13,KG,0.334,00217071,CU00000001,02010129,Pisang,20101,Buah (Fruit)
2022-01-02 10:13:01.513,SEMANGKA MERAH/KG,KG,1.036,00133333,CU00000001,02010133,Semangka,20101,Buah (Fruit)
2022-01-19 19:36:14.173,KOL PUTIH/KG,KG,0.25,00172677,CU00000001,02020101,Sayur Bunga,20201,Sayur (Vegetable)
2022-01-25 12:19:29.140,SEMANGKA MERAH/KG,KG,0.456,00133333,CU00000001,02010133,Semangka,20101,Buah (Fruit)
2022-01-15 10:48:39.003,PISANG CAVENDIS/KG*13,KG,0.394,00217071,CU00000001,02010129,Pisang,20101,Buah (Fruit)
2022-01-23 16:57:28.470,SEMANGKA MERAH/KG,KG,0.304,00133333,CU00000001,02010133,Semangka,20101,Buah (Fruit)
2022-01-05 16:37:23.490,BAWANG PUTIH CURAH/KG,KG,0.226,00156806,CU00000001,02020107,Sayur Umbi,20201,Sayur (Vegetable)
2022-01-09 19:00:26.067,SEMANGKA MERAH/KG,KG,0.434,00133333,CU00000001,02010133,Semangka,20101,Buah (Fruit)
2022-01-27 13:41:17.203,PEPAYA CALIFORNIA,KG,1.4,00149464,CU00000001,02010128,Pepaya,20101,Buah (Fruit)
2022-01-02 11:50:58.560,SEMANGKA MERAH/KG,KG,0.906,00133333,CU00000001,02010133,Semangka,20101,Buah (Fruit)
2022-01-09 20:24:13.687,TOMAT CURAH/KG,KG,0.45,00172790,CU00000001,02020102,Sayur Buah,20201,Sayur (Vegetable)
2022-01-26 18:41:23.920,APEL TOP RED/KG*19,KG,0.268,00133241,CU00000001,02010102,Apel,20101,Buah (Fruit)
2022-01-04 18:53:56.603,ANGGUR HITAM/KG,KG,0.344,00355063,CU00000001,02010136,Anggur,20101,Buah (Fruit)
2022-01-16 10:00:41.730,PEPAYA CALIFORNIA,KG,0.812,00149464,CU00000001,02010128,Pepaya,20101,Buah (Fruit)
2022-01-17 15:21:43.397,SALAK PONDOH/KG,KG,0.158,00291583,CU00000001,02010131,Salak,20101,Buah (Fruit)
2022-01-24 17:07:11.510,SEMANGKA MERAH/KG,KG,0.478,00133333,CU00000001,02010133,Semangka,20101,Buah (Fruit)
2022-01-24 10:24:14.313,SEMANGKA MERAH/KG,KG,0.526,00133333,CU00000001,02010133,Semangka,20101,Buah (Fruit)
2022-01-24 17:08:54.847,PEPAYA CALIFORNIA,KG,0.77,00149464,CU00000001,02010128,Pepaya,20101,Buah (Fruit)
2022-01-23 08:10:31.897,PISANG CAVENDIS/KG*13,KG,0.734,00217071,CU00000001,02010129,Pisang,20101,Buah (Fruit)
2022-01-08 16:12:47.533,SALAK PONDOH/KG,KG,0.736,00291583,CU00000001,02010131,Salak,20101,Buah (Fruit)
2022-01-24 16:52:54.770,PISANG CAVENDIS/KG*13,KG,0.338,00217071,CU00000001,02010129,Pisang,20101,Buah (Fruit)
2022-01-08 16:54:36.233,SEMANGKA MERAH/KG,KG,0.506,00133333,CU00000001,02010133,Semangka,20101,Buah (Fruit)
2022-01-30 19:02:52.940,APEL TOP RED/KG*19,KG,0.414,00133241,CU00000001,02010102,Apel,20101,Buah (Fruit)
2022-01-20 16:27:25.940,PISANG CAVENDIS/KG*13,KG,0.294,00217071,CU00000001,02010129,Pisang,20101,Buah (Fruit)
2022-01-27 10:32:19.633,SEMANGKA MERAH/KG,KG,0.602,00133333,CU00000001,02010133,Semangka,20101,Buah (Fruit)
2022-01-10 16:44:55.377,PISANG CAVENDIS/KG*13,KG,0.962,00217071,CU00000001,02010129,Pisang,20101,Buah (Fruit)
2022-01-06 18:14:34.023,TOMAT CURAH/KG,KG,0.236,00172790,CU00000001,02020102,Sayur Buah,20201,Sayur (Vegetable)
2022-01-29 20:46:54.920,SALAK PONDOH/KG,KG,0.246,00291583,CU00000001,02010131,Salak,20101,Buah (Fruit)
2022-01-26 19:55:31.553,SEMANGKA MERAH/KG,KG,5.664,00133333,CU00000001,02010133,Semangka,20101,Buah (Fruit)
2022-01-21 19:23:52.630,BUAH NAGA MERAH/KG,KG,0.578,00269629,CU00000001,02010107,Buah Naga,20101,Buah (Fruit)
2022-01-18 15:35:49.927,BAWANG MERAH CURAH/KG,KG,0.27,00156790,CU00000001,02020107,Sayur Umbi,20201,Sayur (Vegetable)
2022-01-05 15:58:42.750,SEMANGKA MERAH/KG,KG,0.96,00133333,CU00000001,02010133,Semangka,20101,Buah (Fruit)
2022-01-06 18:28:48.917,ANGGUR HITAM/KG,KG,0.344,00355063,CU00000001,02010136,Anggur,20101,Buah (Fruit)
2022-01-25 12:38:48.380,BUAH NAGA MERAH/KG,KG,0.462,00269629,CU00000001,02010107,Buah Naga,20101,Buah (Fruit)
2022-01-05 13:05:51.243,PISANG CAVENDIS/KG*13,KG,0.436,00217071,CU00000001,02010129,Pisang,20101,Buah (Fruit)
2022-01-08 11:32:47.170,SEMANGKA MERAH/KG,KG,0.47,00133333,CU00000001,02010133,Semangka,20101,Buah (Fruit)
2022-01-10 12:48:25.480,SEMANGKA MERAH/KG,KG,0.436,00133333,CU00000001,02010133,Semangka,20101,Buah (Fruit)
2022-01-16 18:30:28.327,SEMANGKA MERAH/KG,KG,0.946,00133333,CU00000001,02010133,Semangka,20101,Buah (Fruit)
2022-01-03 12:36:09.433,BUAH NAGA MERAH/KG,KG,0.414,00269629,CU00000001,02010107,Buah Naga,20101,Buah (Fruit)
2022-01-21 18:45:38.753,PISANG CAVENDIS/KG*13,KG,0.534,00217071,CU00000001,02010129,Pisang,20101,Buah (Fruit)
2022-01-17 14:16:10.410,PEPAYA CALIFORNIA,KG,1.684,00149464,CU00000001,02010128,Pepaya,20101,Buah (Fruit)
2022-01-22 08:23:59.963,PISANG CAVENDIS/KG*13,KG,0.714,00217071,CU00000001,02010129,Pisang,20101,Buah (Fruit)
2022-01-30 15:08:59.200,SEMANGKA MERAH/KG,KG,0.546,00133333,CU00000001,02010133,Semangka,20101,Buah (Fruit)
2022-01-03 12:21:43.530,PEAR SWEET *12KG,KG,0.874,00424400,CU00000001,02010137,Pear,20101,Buah (Fruit)
2022-01-15 08:09:13.067,PISANG CAVENDIS/KG*13,KG,0.46,00217071,CU00000001,02010129,Pisang,20101,Buah (Fruit)
2022-01-24 17:53:55.017,SEMANGKA MERAH/KG,KG,0.484,00133333,CU00000001,02010133,Semangka,20101,Buah (Fruit)
2022-01-23 08:55:06.150,KACANG HIJAU / KG,KG,0.338,00100809,CU00000001,01011601,Kacang Hijau,10116,Biji-bijian (Seeds)
2022-01-18 18:01:05.000,PISANG CAVENDIS/KG*13,KG,0.538,00217071,CU00000001,02010129,Pisang,20101,Buah (Fruit)
2022-01-19 19:20:06.723,PISANG CAVENDIS/KG*13,KG,0.96,00217071,CU00000001,02010129,Pisang,20101,Buah (Fruit)
2022-01-30 21:10:36.203,SEMANGKA MERAH/KG,KG,0.62,00133333,CU00000001,02010133,Semangka,20101,Buah (Fruit)
2022-01-24 20:35:44.620,PEPAYA CALIFORNIA,KG,1.048,00149464,CU00000001,02010128,Pepaya,20101,Buah (Fruit)
2022-01-28 17:37:16.183,PEPAYA CALIFORNIA,KG,1.524,00149464,CU00000001,02010128,Pepaya,20101,Buah (Fruit)
2022-01-29 17:34:47.403,SEMANGKA MERAH/KG,KG,0.514,00133333,CU00000001,02010133,Semangka,20101,Buah (Fruit)
2022-01-13 21:55:59.660,SEMANGKA MERAH/KG,KG,0.406,00133333,CU00000001,02010133,Semangka,20101,Buah (Fruit)
2022-01-30 21:38:59.210,SEMANGKA MERAH/KG,KG,0.496,00133333,CU00000001,02010133,Semangka,20101,Buah (Fruit)
2022-01-04 16:09:38.510,BAWANG PUTIH CURAH/KG,KG,0.224,00156806,CU00000001,02020107,Sayur Umbi,20201,Sayur (Vegetable)
2022-01-30 09:29:38.993,PEPAYA CALIFORNIA,KG,1.74,00149464,CU00000001,02010128,Pepaya,20101,Buah (Fruit)
2022-01-28 21:31:20.983,PEPAYA CALIFORNIA,KG,1.622,00149464,CU00000001,02010128,Pepaya,20101,Buah (Fruit)
2022-01-23 21:19:48.280,ANGGUR HITAM/KG,KG,0.402,00355063,CU00000001,02010136,Anggur,20101,Buah (Fruit)
2022-01-04 12:54:55.123,APEL TOP RED/KG*19,KG,1.164,00133241,CU00000001,02010102,Apel,20101,Buah (Fruit)
2022-01-27 15:11:32.973,TOMAT CURAH/KG,KG,0.102,00172790,CU00000001,02020102,Sayur Buah,20201,Sayur (Vegetable)
2022-01-23 12:57:08.107,BAWANG MERAH CURAH/KG,KG,0.212,00156790,CU00000001,02020107,Sayur Umbi,20201,Sayur (Vegetable)
2022-01-05 20:57:39.607,PEPAYA CALIFORNIA,KG,1.074,00149464,CU00000001,02010128,Pepaya,20101,Buah (Fruit)
2022-01-23 11:35:32.713,SEMANGKA MERAH/KG,KG,0.406,00133333,CU00000001,02010133,Semangka,20101,Buah (Fruit)
2022-01-24 16:54:54.967,SEMANGKA MERAH/KG,KG,0.368,00133333,CU00000001,02010133,Semangka,20101,Buah (Fruit)
2022-01-12 21:33:00.603,BUAH NAGA MERAH/KG,KG,1.286,00269629,CU00000001,02010107,Buah Naga,20101,Buah (Fruit)
2022-01-19 11:33:00.173,APEL TOP RED/KG*19,KG,0.674,00133241,CU00000001,02010102,Apel,20101,Buah (Fruit)
2022-01-14 16:41:50.073,BAWANG PUTIH CURAH/KG,KG,0.176,00156806,CU00000001,02020107,Sayur Umbi,20201,Sayur (Vegetable)
2022-01-04 12:14:20.237,PISANG CAVENDIS/KG*13,KG,0.42,00217071,CU00000001,02010129,Pisang,20101,Buah (Fruit)
2022-01-22 13:09:29.883,ANGGUR HITAM/KG,KG,0.336,00355063,CU00000001,02010136,Anggur,20101,Buah (Fruit)
2022-01-21 20:39:07.750,SEMANGKA MERAH/KG,KG,0.78,00133333,CU00000001,02010133,Semangka,20101,Buah (Fruit)
2022-01-01 12:06:51.923,BAWANG PUTIH CURAH/KG,KG,0.226,00156806,CU00000001,02020107,Sayur Umbi,20201,Sayur (Vegetable)
2022-01-01 17:10:09.710,SEMANGKA MERAH/KG,KG,0.366,00133333,CU00000001,02010133,Semangka,20101,Buah (Fruit)
2022-01-16 12:10:57.433,SEMANGKA MERAH/KG,KG,0.588,00133333,CU00000001,02010133,Semangka,20101,Buah (Fruit)
2022-01-28 10:24:28.120,PEPAYA CALIFORNIA,KG,1.52,00149464,CU00000001,02010128,Pepaya,20101,Buah (Fruit)
2022-01-07 19:53:13.477,PISANG CAVENDIS/KG*13,KG,0.618,00217071,CU00000001,02010129,Pisang,20101,Buah (Fruit)
2022-01-20 21:50:50.680,PISANG CAVENDIS/KG*13,KG,0.374,00217071,CU00000001,02010129,Pisang,20101,Buah (Fruit)
2022-01-03 16:34:22.157,ANGGUR HITAM/KG,KG,0.336,00355063,CU00000001,02010136,Anggur,20101,Buah (Fruit)
2022-01-01 17:14:52.903,PISANG CAVENDIS/KG*13,KG,0.318,00217071,CU00000001,02010129,Pisang,20101,Buah (Fruit)
2022-01-03 18:13:02.020,BUAH NAGA MERAH/KG,KG,0.136,00269629,CU00000001,02010107,Buah Naga,20101,Buah (Fruit)
2022-01-18 14:37:58.927,SEMANGKA MERAH/KG,KG,0.606,00133333,CU00000001,02010133,Semangka,20101,Buah (Fruit)
2022-01-02 19:06:59.680,KACANG HIJAU / KG,KG,0.5,00100809,CU00000001,01011601,Kacang Hijau,10116,Biji-bijian (Seeds)
2022-01-29 18:35:10.220,PEPAYA CALIFORNIA,KG,1.108,00149464,CU00000001,02010128,Pepaya,20101,Buah (Fruit)
2022-01-26 20:53:24.760,BUAH NAGA MERAH/KG,KG,0.596,00269629,CU00000001,02010107,Buah Naga,20101,Buah (Fruit)
2022-01-01 20:08:24.840,PEAR SWEET *12KG,KG,0.758,00424400,CU00000001,02010137,Pear,20101,Buah (Fruit)
2022-01-05 13:10:08.973,PISANG CAVENDIS/KG*13,KG,1.188,00217071,CU00000001,02010129,Pisang,20101,Buah (Fruit)
2022-01-27 21:14:23.917,PEAR SWEET *12KG,KG,0.988,00424400,CU00000001,02010137,Pear,20101,Buah (Fruit)
2022-01-02 16:21:33.317,PISANG CAVENDIS/KG*13,KG,0.74,00217071,CU00000001,02010129,Pisang,20101,Buah (Fruit)
2022-01-03 19:17:06.143,BAWANG PUTIH CURAH/KG,KG,1.0,00156806,CU00000001,02020107,Sayur Umbi,20201,Sayur (Vegetable)
2022-01-09 18:17:02.057,BAWANG MERAH CURAH/KG,KG,0.3,00156790,CU00000001,02020107,Sayur Umbi,20201,Sayur (Vegetable)
2022-01-03 12:36:28.697,SEMANGKA MERAH/KG,KG,0.936,00133333,CU00000001,02010133,Semangka,20101,Buah (Fruit)
2022-01-24 11:07:49.340,WORTEL A/IMPORT/KG*9,KG,0.356,00351379,CU00000001,02020105,Sayur Akar,20201,Sayur (Vegetable)
2022-01-13 18:40:56.490,SEMANGKA MERAH/KG,KG,0.47,00133333,CU00000001,02010133,Semangka,20101,Buah (Fruit)
2022-01-24 17:41:55.580,SEMANGKA MERAH/KG,KG,0.674,00133333,CU00000001,02010133,Semangka,20101,Buah (Fruit)
2022-01-16 18:30:49.370,PISANG CAVENDIS/KG*13,KG,0.322,00217071,CU00000001,02010129,Pisang,20101,Buah (Fruit)
2022-01-15 10:35:54.840,SEMANGKA MERAH/KG,KG,0.506,00133333,CU00000001,02010133,Semangka,20101,Buah (Fruit)
2022-01-19 13:46:16.623,PISANG CAVENDIS/KG*13,KG,0.272,00217071,CU00000001,02010129,Pisang,20101,Buah (Fruit)
2022-01-28 14:47:43.557,KACANG HIJAU / KG,KG,0.56,00100809,CU00000001,01011601,Kacang Hijau,10116,Biji-bijian (Seeds)
2022-01-20 19:38:14.987,PISANG CAVENDIS/KG*13,KG,0.33,00217071,CU00000001,02010129,Pisang,20101,Buah (Fruit)
2022-01-10 20:02:51.237,APEL TOP RED/KG*19,KG,0.124,00133241,CU00000001,02010102,Apel,20101,Buah (Fruit)
2022-01-02 18:45:21.110,SEMANGKA MERAH/KG,KG,0.47,00133333,CU00000001,02010133,Semangka,20101,Buah (Fruit)
2022-01-18 10:53:42.400,TOMAT CURAH/KG,KG,0.338,00172790,CU00000001,02020102,Sayur Buah,20201,Sayur (Vegetable)
2022-01-13 13:16:01.880,BUAH NAGA MERAH/KG,KG,0.428,00269629,CU00000001,02010107,Buah Naga,20101,Buah (Fruit)
2022-01-11 10:49:40.740,SEMANGKA MERAH/KG,KG,1.05,00133333,CU00000001,02010133,Semangka,20101,Buah (Fruit)
2022-01-29 09:14:02.287,PISANG CAVENDIS/KG*13,KG,0.406,00217071,CU00000001,02010129,Pisang,20101,Buah (Fruit)
2022-01-30 10:44:07.453,SEMANGKA MERAH/KG,KG,0.566,00133333,CU00000001,02010133,Semangka,20101,Buah (Fruit)
2022-01-04 10:51:37.117,SEMANGKA MERAH/KG,KG,0.644,00133333,CU00000001,02010133,Semangka,20101,Buah (Fruit)
2022-01-30 17:51:29.427,BUAH NAGA MERAH/KG,KG,1.056,00269629,CU00000001,02010107,Buah Naga,20101,Buah (Fruit)
2022-01-23 19:21:40.430,SEMANGKA MERAH/KG,KG,5.42,00133333,CU00000001,02010133,Semangka,20101,Buah (Fruit)
2022-01-10 17:45:49.127,BAWANG MERAH CURAH/KG,KG,0.284,00156790,CU00000001,02020107,Sayur Umbi,20201,Sayur (Vegetable)
2022-01-09 19:13:36.847,SEMANGKA MERAH/KG,KG,0.602,00133333,CU00000001,02010133,Semangka,20101,Buah (Fruit)
2022-01-10 10:05:15.010,SEMANGKA MERAH/KG,KG,4.342,00133333,CU00000001,02010133,Semangka,20101,Buah (Fruit)
2022-01-18 19:41:43.773,ANGGUR HITAM/KG,KG,0.384,00355063,CU00000001,02010136,Anggur,20101,Buah (Fruit)
2022-01-19 18:34:37.310,BAWANG PUTIH CURAH/KG,KG,0.152,00156806,CU00000001,02020107,Sayur Umbi,20201,Sayur (Vegetable)
2022-01-11 19:50:58.457,PEPAYA CALIFORNIA,KG,1.398,00149464,CU00000001,02010128,Pepaya,20101,Buah (Fruit)
2022-01-27 18:54:57.480,BAWANG PUTIH CURAH/KG,KG,0.202,00156806,CU00000001,02020107,Sayur Umbi,20201,Sayur (Vegetable)
2022-01-20 16:39:29.623,BUAH NAGA MERAH/KG,KG,0.566,00269629,CU00000001,02010107,Buah Naga,20101,Buah (Fruit)
2022-01-06 21:37:41.027,TOMAT CURAH/KG,KG,0.106,00172790,CU00000001,02020102,Sayur Buah,20201,Sayur (Vegetable)
2022-01-10 09:30:52.277,PEPAYA CALIFORNIA,KG,2.366,00149464,CU00000001,02010128,Pepaya,20101,Buah (Fruit)
2022-01-22 18:55:27.257,SEMANGKA MERAH/KG,KG,0.406,00133333,CU00000001,02010133,Semangka,20101,Buah (Fruit)
2022-01-10 20:39:13.583,SEMANGKA MERAH/KG,KG,0.428,00133333,CU00000001,02010133,Semangka,20101,Buah (Fruit)
2022-01-04 16:20:27.740,SEMANGKA MERAH/KG,KG,0.448,00133333,CU00000001,02010133,Semangka,20101,Buah (Fruit)
2022-01-30 13:51:29.103,SEMANGKA MERAH/KG,KG,0.546,00133333,CU00000001,02010133,Semangka,20101,Buah (Fruit)
2022-01-11 10:06:15.477,PISANG CAVENDIS/KG*13,KG,0.838,00217071,CU00000001,02010129,Pisang,20101,Buah (Fruit)
2022-01-13 16:10:54.833,PEPAYA CALIFORNIA,KG,1.452,00149464,CU00000001,02010128,Pepaya,20101,Buah (Fruit)
2022-01-07 08:34:30.233,BAWANG MERAH CURAH/KG,KG,0.276,00156790,CU00000001,02020107,Sayur Umbi,20201,Sayur (Vegetable)
2022-01-02 17:25:22.083,KACANG HIJAU / KG,KG,0.298,00100809,CU00000001,01011601,Kacang Hijau,10116,Biji-bijian (Seeds)
2022-01-08 21:04:49.767,BAWANG MERAH CURAH/KG,KG,0.296,00156790,CU00000001,02020107,Sayur Umbi,20201,Sayur (Vegetable)
2022-01-03 09:50:27.933,BAWANG PUTIH CURAH/KG,KG,0.214,00156806,CU00000001,02020107,Sayur Umbi,20201,Sayur (Vegetable)
2022-01-04 18:23:51.700,BAWANG MERAH CURAH/KG,KG,0.308,00156790,CU00000001,02020107,Sayur Umbi,20201,Sayur (Vegetable)
2022-01-08 16:00:57.110,PISANG CAVENDIS/KG*13,KG,0.384,00217071,CU00000001,02010129,Pisang,20101,Buah (Fruit)
2022-01-29 17:37:05.580,PISANG CAVENDIS/KG*13,KG,0.374,00217071,CU00000001,02010129,Pisang,20101,Buah (Fruit)
2022-01-26 21:26:00.717,SEMANGKA MERAH/KG,KG,0.868,00133333,CU00000001,02010133,Semangka,20101,Buah (Fruit)
2022-01-23 16:57:59.730,SEMANGKA MERAH/KG,KG,0.288,00133333,CU00000001,02010133,Semangka,20101,Buah (Fruit)
2022-01-24 11:08:09.407,TOMAT CURAH/KG,KG,0.54,00172790,CU00000001,02020102,Sayur Buah,20201,Sayur (Vegetable)
2022-01-12 13:03:32.887,PEAR SWEET *12KG,KG,2.284,00424400,CU00000001,02010137,Pear,20101,Buah (Fruit)
2022-01-04 18:51:48.613,ANGGUR HITAM/KG,KG,0.338,00355063,CU00000001,02010136,Anggur,20101,Buah (Fruit)
2022-01-12 20:46:58.960,KACANG HIJAU / KG,KG,0.526,00100809,CU00000001,01011601,Kacang Hijau,10116,Biji-bijian (Seeds)
2022-01-24 11:09:12.957,BAWANG PUTIH CURAH/KG,KG,0.222,00156806,CU00000001,02020107,Sayur Umbi,20201,Sayur (Vegetable)
2022-01-29 08:44:10.890,PISANG CAVENDIS/KG*13,KG,0.376,00217071,CU00000001,02010129,Pisang,20101,Buah (Fruit)
2022-01-19 17:07:15.460,PISANG CAVENDIS/KG*13,KG,1.016,00217071,CU00000001,02010129,Pisang,20101,Buah (Fruit)
2022-01-12 18:14:50.050,PEAR SWEET *12KG,KG,0.704,00424400,CU00000001,02010137,Pear,20101,Buah (Fruit)
2022-01-25 13:01:35.047,SEMANGKA MERAH/KG,KG,0.234,00133333,CU00000001,02010133,Semangka,20101,Buah (Fruit)
2022-01-24 20:01:45.603,PISANG CAVENDIS/KG*13,KG,0.842,00217071,CU00000001,02010129,Pisang,20101,Buah (Fruit)
2022-01-09 13:03:32.327,TOMAT CURAH/KG,KG,0.382,00172790,CU00000001,02020102,Sayur Buah,20201,Sayur (Vegetable)
2022-01-24 17:04:24.650,BUAH NAGA MERAH/KG,KG,1.074,00269629,CU00000001,02010107,Buah Naga,20101,Buah (Fruit)
2022-01-13 21:04:34.787,BAWANG MERAH CURAH/KG,KG,0.322,00156790,CU00000001,02020107,Sayur Umbi,20201,Sayur (Vegetable)
2022-01-06 16:07:44.870,PEPAYA CALIFORNIA,KG,1.17,00149464,CU00000001,02010128,Pepaya,20101,Buah (Fruit)
2022-01-30 11:00:44.460,PISANG CAVENDIS/KG*13,KG,0.426,00217071,CU00000001,02010129,Pisang,20101,Buah (Fruit)
2022-01-21 19:24:24.620,PISANG CAVENDIS/KG*13,KG,0.446,00217071,CU00000001,02010129,Pisang,20101,Buah (Fruit)
2022-01-14 13:56:53.173,PISANG CAVENDIS/KG*13,KG,0.302,00217071,CU00000001,02010129,Pisang,20101,Buah (Fruit)
2022-01-13 17:25:48.837,KOL PUTIH/KG,KG,0.522,00172677,CU00000001,02020101,Sayur Bunga,20201,Sayur (Vegetable)
2022-01-14 13:29:46.870,PISANG CAVENDIS/KG*13,KG,0.418,00217071,CU00000001,02010129,Pisang,20101,Buah (Fruit)
2022-01-29 20:31:51.960,BUAH NAGA MERAH/KG,KG,1.382,00269629,CU00000001,02010107,Buah Naga,20101,Buah (Fruit)
2022-01-23 19:12:40.647,BUAH NAGA MERAH/KG,KG,2.014,00269629,CU00000001,02010107,Buah Naga,20101,Buah (Fruit)
2022-01-11 15:14:05.667,WORTEL A/IMPORT/KG*9,KG,0.474,00351379,CU00000001,02020105,Sayur Akar,20201,Sayur (Vegetable)
2022-01-15 21:52:19.580,PISANG CAVENDIS/KG*13,KG,0.412,00217071,CU00000001,02010129,Pisang,20101,Buah (Fruit)
2022-01-23 16:11:43.873,SEMANGKA MERAH/KG,KG,0.604,00133333,CU00000001,02010133,Semangka,20101,Buah (Fruit)
2022-01-11 17:07:53.517,SEMANGKA MERAH/KG,KG,0.606,00133333,CU00000001,02010133,Semangka,20101,Buah (Fruit)
2022-01-18 15:51:09.650,SEMANGKA MERAH/KG,KG,0.898,00133333,CU00000001,02010133,Semangka,20101,Buah (Fruit)
2022-01-05 13:05:27.483,SEMANGKA MERAH/KG,KG,0.42,00133333,CU00000001,02010133,Semangka,20101,Buah (Fruit)
2022-01-27 19:05:11.233,APEL TOP RED/KG*19,KG,0.538,00133241,CU00000001,02010102,Apel,20101,Buah (Fruit)
2022-01-25 16:22:22.350,TOMAT CURAH/KG,KG,0.104,00172790,CU00000001,02020102,Sayur Buah,20201,Sayur (Vegetable)
2022-01-16 19:46:30.237,SEMANGKA MERAH/KG,KG,1.016,00133333,CU00000001,02010133,Semangka,20101,Buah (Fruit)
2022-01-28 20:02:34.337,BUAH NAGA MERAH/KG,KG,0.47,00269629,CU00000001,02010107,Buah Naga,20101,Buah (Fruit)
2022-01-04 15:39:50.040,APEL TOP RED/KG*19,KG,2.166,00133241,CU00000001,02010102,Apel,20101,Buah (Fruit)
2022-01-26 16:39:46.970,PEPAYA CALIFORNIA,KG,1.61,00149464,CU00000001,02010128,Pepaya,20101,Buah (Fruit)
2022-01-28 18:36:26.217,PEPAYA CALIFORNIA,KG,1.572,00149464,CU00000001,02010128,Pepaya,20101,Buah (Fruit)
2022-01-13 21:04:27.867,BAWANG PUTIH CURAH/KG,KG,0.208,00156806,CU00000001,02020107,Sayur Umbi,20201,Sayur (Vegetable)
2022-01-23 15:19:52.410,PISANG CAVENDIS/KG*13,KG,0.766,00217071,CU00000001,02010129,Pisang,20101,Buah (Fruit)
2022-01-07 09:14:24.117,PISANG CAVENDIS/KG*13,KG,0.412,00217071,CU00000001,02010129,Pisang,20101,Buah (Fruit)
2022-01-25 20:24:40.053,SALAK BALI / KG,KG,0.526,00241762,CU00000001,02010131,Salak,20101,Buah (Fruit)
2022-01-28 21:31:12.237,SALAK BALI / KG,KG,0.568,00241762,CU00000001,02010131,Salak,20101,Buah (Fruit)
2022-01-02 10:04:54.300,SEMANGKA MERAH/KG,KG,0.66,00133333,CU00000001,02010133,Semangka,20101,Buah (Fruit)
2022-01-04 19:10:27.093,PISANG CAVENDIS/KG*13,KG,0.552,00217071,CU00000001,02010129,Pisang,20101,Buah (Fruit)
2022-01-26 13:02:09.053,PISANG CAVENDIS/KG*13,KG,1.202,00217071,CU00000001,02010129,Pisang,20101,Buah (Fruit)
2022-01-26 15:59:44.430,PEPAYA CALIFORNIA,KG,1.856,00149464,CU00000001,02010128,Pepaya,20101,Buah (Fruit)
2022-01-30 09:29:19.263,BUAH NAGA MERAH/KG,KG,0.158,00269629,CU00000001,02010107,Buah Naga,20101,Buah (Fruit)
2022-01-03 19:26:49.560,BUAH NAGA MERAH/KG,KG,0.174,00269629,CU00000001,02010107,Buah Naga,20101,Buah (Fruit)
2022-01-26 09:49:33.683,SEMANGKA MERAH/KG,KG,0.626,00133333,CU00000001,02010133,Semangka,20101,Buah (Fruit)
2022-01-25 13:02:00.853,SEMANGKA MERAH/KG,KG,0.24,00133333,CU00000001,02010133,Semangka,20101,Buah (Fruit)
2022-01-21 17:27:55.567,PISANG CAVENDIS/KG*13,KG,0.702,00217071,CU00000001,02010129,Pisang,20101,Buah (Fruit)
2022-01-21 09:29:49.303,SEMANGKA MERAH/KG,KG,1.56,00133333,CU00000001,02010133,Semangka,20101,Buah (Fruit)
2022-01-19 11:51:20.770,SEMANGKA MERAH/KG,KG,0.5,00133333,CU00000001,02010133,Semangka,20101,Buah (Fruit)
2022-01-07 10:42:58.303,PISANG CAVENDIS/KG*13,KG,0.35,00217071,CU00000001,02010129,Pisang,20101,Buah (Fruit)
2022-01-21 18:52:24.203,APEL TOP RED/KG*19,KG,1.884,00133241,CU00000001,02010102,Apel,20101,Buah (Fruit)
2022-01-08 12:46:06.090,ANGGUR HITAM/KG,KG,0.32,00355063,CU00000001,02010136,Anggur,20101,Buah (Fruit)
2022-01-26 15:28:10.383,APEL TOP RED/KG*19,KG,0.134,00133241,CU00000001,02010102,Apel,20101,Buah (Fruit)
2022-01-15 18:55:39.927,SEMANGKA MERAH/KG,KG,0.506,00133333,CU00000001,02010133,Semangka,20101,Buah (Fruit)
2022-01-29 08:37:21.550,PEPAYA CALIFORNIA,KG,0.694,00149464,CU00000001,02010128,Pepaya,20101,Buah (Fruit)
2022-01-04 18:23:40.857,BAWANG PUTIH CURAH/KG,KG,0.222,00156806,CU00000001,02020107,Sayur Umbi,20201,Sayur (Vegetable)
2022-01-19 14:20:31.560,SEMANGKA MERAH/KG,KG,0.802,00133333,CU00000001,02010133,Semangka,20101,Buah (Fruit)
2022-01-23 16:56:33.217,SEMANGKA MERAH/KG,KG,0.336,00133333,CU00000001,02010133,Semangka,20101,Buah (Fruit)
2022-01-03 21:06:40.940,SALAK PONDOH/KG,KG,0.61,00291583,CU00000001,02010131,Salak,20101,Buah (Fruit)
2022-01-19 17:23:59.057,PISANG CAVENDIS/KG*13,KG,0.406,00217071,CU00000001,02010129,Pisang,20101,Buah (Fruit)
2022-01-11 17:28:16.103,PEPAYA CALIFORNIA,KG,1.56,00149464,CU00000001,02010128,Pepaya,20101,Buah (Fruit)
2022-01-03 12:21:52.027,APEL TOP RED/KG*19,KG,0.526,00133241,CU00000001,02010102,Apel,20101,Buah (Fruit)
2022-01-19 12:40:59.790,SEMANGKA MERAH/KG,KG,0.512,00133333,CU00000001,02010133,Semangka,20101,Buah (Fruit)
2022-01-04 18:51:55.520,PISANG CAVENDIS/KG*13,KG,0.482,00217071,CU00000001,02010129,Pisang,20101,Buah (Fruit)
2022-01-26 11:05:55.513,SEMANGKA MERAH/KG,KG,0.266,00133333,CU00000001,02010133,Semangka,20101,Buah (Fruit)
2022-01-18 20:07:08.707,ANGGUR HITAM/KG,KG,0.334,00355063,CU00000001,02010136,Anggur,20101,Buah (Fruit)
2022-01-18 21:37:36.350,ANGGUR HITAM/KG,KG,0.384,00355063,CU00000001,02010136,Anggur,20101,Buah (Fruit)
2022-01-09 10:35:21.397,PISANG CAVENDIS/KG*13,KG,0.46,00217071,CU00000001,02010129,Pisang,20101,Buah (Fruit)
2022-01-05 19:19:54.263,PISANG CAVENDIS/KG*13,KG,0.494,00217071,CU00000001,02010129,Pisang,20101,Buah (Fruit)
2022-01-03 21:44:02.070,BAWANG MERAH CURAH/KG,KG,0.296,00156790,CU00000001,02020107,Sayur Umbi,20201,Sayur (Vegetable)
2022-01-21 17:13:25.443,SALAK PONDOH/KG,KG,0.102,00291583,CU00000001,02010131,Salak,20101,Buah (Fruit)
2022-01-08 19:08:27.740,SEMANGKA MERAH/KG,KG,0.498,00133333,CU00000001,02010133,Semangka,20101,Buah (Fruit)
2022-01-23 12:57:25.523,TOMAT CURAH/KG,KG,0.324,00172790,CU00000001,02020102,Sayur Buah,20201,Sayur (Vegetable)
2022-01-01 13:51:19.403,BAWANG MERAH CURAH/KG,KG,0.264,00156790,CU00000001,02020107,Sayur Umbi,20201,Sayur (Vegetable)
2022-01-28 18:15:42.680,SEMANGKA MERAH/KG,KG,0.312,00133333,CU00000001,02010133,Semangka,20101,Buah (Fruit)
2022-01-22 11:23:21.630,BAWANG MERAH CURAH/KG,KG,0.28,00156790,CU00000001,02020107,Sayur Umbi,20201,Sayur (Vegetable)
2022-01-14 20:17:54.040,PEPAYA CALIFORNIA,KG,1.41,00149464,CU00000001,02010128,Pepaya,20101,Buah (Fruit)
2022-01-01 12:05:24.533,PISANG CAVENDIS/KG*13,KG,0.386,00217071,CU00000001,02010129,Pisang,20101,Buah (Fruit)
2022-01-17 13:15:04.447,KOL PUTIH/KG,KG,0.75,00172677,CU00000001,02020101,Sayur Bunga,20201,Sayur (Vegetable)
2022-01-07 17:27:48.610,BAWANG MERAH CURAH/KG,KG,0.29,00156790,CU00000001,02020107,Sayur Umbi,20201,Sayur (Vegetable)
2022-01-10 12:49:04.440,BAWANG MERAH CURAH/KG,KG,0.288,00156790,CU00000001,02020107,Sayur Umbi,20201,Sayur (Vegetable)
2022-01-22 11:23:32.377,BAWANG PUTIH CURAH/KG,KG,0.2,00156806,CU00000001,02020107,Sayur Umbi,20201,Sayur (Vegetable)
2022-01-27 11:30:40.050,SEMANGKA MERAH/KG,KG,0.97,00133333,CU00000001,02010133,Semangka,20101,Buah (Fruit)
2022-01-24 19:21:36.987,PISANG CAVENDIS/KG*13,KG,0.336,00217071,CU00000001,02010129,Pisang,20101,Buah (Fruit)
2022-01-15 20:09:02.040,SEMANGKA MERAH/KG,KG,0.698,00133333,CU00000001,02010133,Semangka,20101,Buah (Fruit)
2022-01-23 12:56:58.543,BAWANG PUTIH CURAH/KG,KG,0.242,00156806,CU00000001,02020107,Sayur Umbi,20201,Sayur (Vegetable)
2022-01-25 18:40:38.897,SEMANGKA MERAH/KG,KG,0.416,00133333,CU00000001,02010133,Semangka,20101,Buah (Fruit)
2022-01-12 19:29:57.453,PISANG CAVENDIS/KG*13,KG,0.526,00217071,CU00000001,02010129,Pisang,20101,Buah (Fruit)
2022-01-21 13:12:24.913,PISANG CAVENDIS/KG*13,KG,0.908,00217071,CU00000001,02010129,Pisang,20101,Buah (Fruit)
2022-01-04 18:13:24.683,TOMAT CURAH/KG,KG,0.27,00172790,CU00000001,02020102,Sayur Buah,20201,Sayur (Vegetable)
2022-01-19 10:18:28.170,SEMANGKA MERAH/KG,KG,0.688,00133333,CU00000001,02010133,Semangka,20101,Buah (Fruit)
2022-01-09 19:41:38.323,PEPAYA CALIFORNIA,KG,1.36,00149464,CU00000001,02010128,Pepaya,20101,Buah (Fruit)
2022-01-18 17:18:30.270,KOL PUTIH/KG,KG,0.582,00172677,CU00000001,02020101,Sayur Bunga,20201,Sayur (Vegetable)
2022-01-01 17:42:27.150,PISANG CAVENDIS/KG*13,KG,0.296,00217071,CU00000001,02010129,Pisang,20101,Buah (Fruit)
2022-01-03 21:46:53.960,BAWANG PUTIH CURAH/KG,KG,0.258,00156806,CU00000001,02020107,Sayur Umbi,20201,Sayur (Vegetable)
2022-01-23 17:01:12.600,BUAH NAGA MERAH/KG,KG,0.562,00269629,CU00000001,02010107,Buah Naga,20101,Buah (Fruit)
2022-01-19 18:23:01.497,BAWANG MERAH CURAH/KG,KG,0.208,00156790,CU00000001,02020107,Sayur Umbi,20201,Sayur (Vegetable)
2022-01-01 10:13:25.330,PISANG CAVENDIS/KG*13,KG,0.85,00217071,CU00000001,02010129,Pisang,20101,Buah (Fruit)
2022-01-13 16:17:58.813,TOMAT CURAH/KG,KG,0.524,00172790,CU00000001,02020102,Sayur Buah,20201,Sayur (Vegetable)
2022-01-16 16:06:14.960,SEMANGKA MERAH/KG,KG,0.582,00133333,CU00000001,02010133,Semangka,20101,Buah (Fruit)
2022-01-11 19:55:34.073,TOMAT CURAH/KG,KG,0.234,00172790,CU00000001,02020102,Sayur Buah,20201,Sayur (Vegetable)
2022-01-20 13:53:50.027,TOMAT CURAH/KG,KG,0.142,00172790,CU00000001,02020102,Sayur Buah,20201,Sayur (Vegetable)
2022-01-24 10:21:49.390,SALAK PONDOH/KG,KG,0.356,00291583,CU00000001,02010131,Salak,20101,Buah (Fruit)
2022-01-10 11:11:43.207,PEPAYA CALIFORNIA,KG,1.338,00149464,CU00000001,02010128,Pepaya,20101,Buah (Fruit)
2022-01-15 17:03:19.273,PEPAYA CALIFORNIA,KG,1.67,00149464,CU00000001,02010128,Pepaya,20101,Buah (Fruit)
2022-01-22 09:18:09.773,PISANG CAVENDIS/KG*13,KG,0.268,00217071,CU00000001,02010129,Pisang,20101,Buah (Fruit)
2022-01-09 18:44:26.540,BUAH NAGA MERAH/KG,KG,0.918,00269629,CU00000001,02010107,Buah Naga,20101,Buah (Fruit)
2022-01-29 20:58:44.920,SALAK PONDOH/KG,KG,0.996,00291583,CU00000001,02010131,Salak,20101,Buah (Fruit)
2022-01-19 21:29:47.967,BUAH NAGA MERAH/KG,KG,0.862,00269629,CU00000001,02010107,Buah Naga,20101,Buah (Fruit)
2022-01-09 10:14:53.220,PISANG CAVENDIS/KG*13,KG,0.404,00217071,CU00000001,02010129,Pisang,20101,Buah (Fruit)
2022-01-04 11:58:35.910,PISANG CAVENDIS/KG*13,KG,0.79,00217071,CU00000001,02010129,Pisang,20101,Buah (Fruit)
2022-01-25 20:27:48.670,KOL PUTIH/KG,KG,0.506,00172677,CU00000001,02020101,Sayur Bunga,20201,Sayur (Vegetable)
2022-01-12 17:45:33.317,PEPAYA CALIFORNIA,KG,1.396,00149464,CU00000001,02010128,Pepaya,20101,Buah (Fruit)
2022-01-07 13:34:24.907,BAWANG PUTIH CURAH/KG,KG,0.2,00156806,CU00000001,02020107,Sayur Umbi,20201,Sayur (Vegetable)
2022-01-13 14:22:35.713,PISANG CAVENDIS/KG*13,KG,0.46,00217071,CU00000001,02010129,Pisang,20101,Buah (Fruit)
2022-01-26 18:13:03.897,PISANG CAVENDIS/KG*13,KG,0.546,00217071,CU00000001,02010129,Pisang,20101,Buah (Fruit)
2022-01-21 18:52:49.153,PISANG CAVENDIS/KG*13,KG,0.974,00217071,CU00000001,02010129,Pisang,20101,Buah (Fruit)
2022-01-27 15:21:36.387,SEMANGKA MERAH/KG,KG,0.33,00133333,CU00000001,02010133,Semangka,20101,Buah (Fruit)
2022-01-09 19:02:02.580,SEMANGKA MERAH/KG,KG,0.364,00133333,CU00000001,02010133,Semangka,20101,Buah (Fruit)
2022-01-19 19:11:32.357,PISANG CAVENDIS/KG*13,KG,0.422,00217071,CU00000001,02010129,Pisang,20101,Buah (Fruit)
2022-01-01 17:08:45.367,PEPAYA CALIFORNIA,KG,0.95,00149464,CU00000001,02010128,Pepaya,20101,Buah (Fruit)
2022-01-05 12:16:33.663,SEMANGKA MERAH/KG,KG,0.424,00133333,CU00000001,02010133,Semangka,20101,Buah (Fruit)
2022-01-17 15:11:56.140,SALAK PONDOH/KG,KG,0.666,00291583,CU00000001,02010131,Salak,20101,Buah (Fruit)
2022-01-22 16:54:34.910,SALAK BALI / KG,KG,0.554,00241762,CU00000001,02010131,Salak,20101,Buah (Fruit)
2022-01-02 20:37:59.790,PEAR SWEET *12KG,KG,0.478,00424400,CU00000001,02010137,Pear,20101,Buah (Fruit)
2022-01-18 13:57:58.290,ANGGUR HITAM/KG,KG,0.376,00355063,CU00000001,02010136,Anggur,20101,Buah (Fruit)
2022-01-22 19:49:34.020,BUAH NAGA MERAH/KG,KG,1.102,00269629,CU00000001,02010107,Buah Naga,20101,Buah (Fruit)
2022-01-07 17:28:13.353,BAWANG PUTIH CURAH/KG,KG,0.182,00156806,CU00000001,02020107,Sayur Umbi,20201,Sayur (Vegetable)
2022-01-23 20:23:52.427,BAWANG MERAH CURAH/KG,KG,0.276,00156790,CU00000001,02020107,Sayur Umbi,20201,Sayur (Vegetable)
2022-01-28 13:54:33.720,WORTEL A/IMPORT/KG*9,KG,0.68,00351379,CU00000001,02020105,Sayur Akar,20201,Sayur (Vegetable)
2022-01-19 10:48:18.860,SEMANGKA MERAH/KG,KG,1.014,00133333,CU00000001,02010133,Semangka,20101,Buah (Fruit)
2022-01-29 13:32:11.067,PISANG CAVENDIS/KG*13,KG,0.538,00217071,CU00000001,02010129,Pisang,20101,Buah (Fruit)
2022-01-03 08:18:27.710,ANGGUR HITAM/KG,KG,0.574,00355063,CU00000001,02010136,Anggur,20101,Buah (Fruit)
2022-01-16 21:34:38.657,PEPAYA CALIFORNIA,KG,1.58,00149464,CU00000001,02010128,Pepaya,20101,Buah (Fruit)
2022-01-21 17:24:31.450,PEPAYA CALIFORNIA,KG,0.96,00149464,CU00000001,02010128,Pepaya,20101,Buah (Fruit)
2022-01-07 11:28:56.377,PISANG CAVENDIS/KG*13,KG,0.622,00217071,CU00000001,02010129,Pisang,20101,Buah (Fruit)
2022-01-28 18:40:51.307,PISANG CAVENDIS/KG*13,KG,0.506,00217071,CU00000001,02010129,Pisang,20101,Buah (Fruit)
2022-01-13 16:18:48.100,BAWANG PUTIH CURAH/KG,KG,0.172,00156806,CU00000001,02020107,Sayur Umbi,20201,Sayur (Vegetable)
2022-01-17 18:20:29.547,PEPAYA CALIFORNIA,KG,0.95,00149464,CU00000001,02010128,Pepaya,20101,Buah (Fruit)
2022-01-19 14:17:33.190,BAWANG MERAH CURAH/KG,KG,0.282,00156790,CU00000001,02020107,Sayur Umbi,20201,Sayur (Vegetable)
2022-01-24 10:22:03.230,ANGGUR HITAM/KG,KG,0.372,00355063,CU00000001,02010136,Anggur,20101,Buah (Fruit)
2022-01-29 08:14:57.800,PISANG CAVENDIS/KG*13,KG,1.762,00217071,CU00000001,02010129,Pisang,20101,Buah (Fruit)
2022-01-20 11:17:16.993,SEMANGKA MERAH/KG,KG,0.598,00133333,CU00000001,02010133,Semangka,20101,Buah (Fruit)
2022-01-01 17:05:22.783,KOL PUTIH/KG,KG,0.278,00172677,CU00000001,02020101,Sayur Bunga,20201,Sayur (Vegetable)
2022-01-26 21:56:35.650,SEMANGKA MERAH/KG,KG,0.27,00133333,CU00000001,02010133,Semangka,20101,Buah (Fruit)
2022-01-10 20:38:53.790,PISANG CAVENDIS/KG*13,KG,0.546,00217071,CU00000001,02010129,Pisang,20101,Buah (Fruit)
2022-01-07 17:39:15.003,PISANG CAVENDIS/KG*13,KG,0.37,00217071,CU00000001,02010129,Pisang,20101,Buah (Fruit)
2022-01-04 20:30:33.047,ANGGUR HITAM/KG,KG,0.318,00355063,CU00000001,02010136,Anggur,20101,Buah (Fruit)
2022-01-05 08:58:21.773,PISANG CAVENDIS/KG*13,KG,0.432,00217071,CU00000001,02010129,Pisang,20101,Buah (Fruit)
2022-01-10 15:24:07.850,BAWANG PUTIH CURAH/KG,KG,0.408,00156806,CU00000001,02020107,Sayur Umbi,20201,Sayur (Vegetable)
2022-01-20 17:51:07.303,BAWANG PUTIH CURAH/KG,KG,0.192,00156806,CU00000001,02020107,Sayur Umbi,20201,Sayur (Vegetable)
2022-01-23 12:52:55.860,BAWANG MERAH CURAH/KG,KG,0.204,00156790,CU00000001,02020107,Sayur Umbi,20201,Sayur (Vegetable)
2022-01-12 18:47:08.587,BUAH NAGA MERAH/KG,KG,0.39,00269629,CU00000001,02010107,Buah Naga,20101,Buah (Fruit)
2022-01-09 15:39:20.680,SEMANGKA MERAH/KG,KG,0.584,00133333,CU00000001,02010133,Semangka,20101,Buah (Fruit)
2022-01-04 13:05:09.453,BAWANG MERAH CURAH/KG,KG,0.27,00156790,CU00000001,02020107,Sayur Umbi,20201,Sayur (Vegetable)
2022-01-10 20:05:32.343,SEMANGKA MERAH/KG,KG,0.846,00133333,CU00000001,02010133,Semangka,20101,Buah (Fruit)
2022-01-18 15:35:59.283,TOMAT CURAH/KG,KG,0.352,00172790,CU00000001,02020102,Sayur Buah,20201,Sayur (Vegetable)
2022-01-05 18:40:41.420,TOMAT CURAH/KG,KG,0.232,00172790,CU00000001,02020102,Sayur Buah,20201,Sayur (Vegetable)
2022-01-02 20:17:39.970,BAWANG PUTIH CURAH/KG,KG,0.222,00156806,CU00000001,02020107,Sayur Umbi,20201,Sayur (Vegetable)
2022-01-07 09:15:14.510,BUAH NAGA MERAH/KG,KG,0.156,00269629,CU00000001,02010107,Buah Naga,20101,Buah (Fruit)
2022-01-01 12:59:11.170,BAWANG PUTIH CURAH/KG,KG,0.172,00156806,CU00000001,02020107,Sayur Umbi,20201,Sayur (Vegetable)
2022-01-05 17:48:52.917,SEMANGKA MERAH/KG,KG,0.466,00133333,CU00000001,02010133,Semangka,20101,Buah (Fruit)
2022-01-06 20:58:15.390,ANGGUR HITAM/KG,KG,0.31,00355063,CU00000001,02010136,Anggur,20101,Buah (Fruit)
2022-01-10 14:47:53.140,SEMANGKA MERAH/KG,KG,0.448,00133333,CU00000001,02010133,Semangka,20101,Buah (Fruit)
2022-01-04 10:54:23.227,PEPAYA CALIFORNIA,KG,1.258,00149464,CU00000001,02010128,Pepaya,20101,Buah (Fruit)
2022-01-18 18:23:09.347,KACANG HIJAU / KG,KG,0.222,00100809,CU00000001,01011601,Kacang Hijau,10116,Biji-bijian (Seeds)
2022-01-07 14:11:23.120,BAWANG PUTIH CURAH/KG,KG,0.418,00156806,CU00000001,02020107,Sayur Umbi,20201,Sayur (Vegetable)
2022-01-25 12:39:24.857,APEL TOP RED/KG*19,KG,0.274,00133241,CU00000001,02010102,Apel,20101,Buah (Fruit)
2022-01-19 18:01:37.750,ANGGUR HITAM/KG,KG,0.346,00355063,CU00000001,02010136,Anggur,20101,Buah (Fruit)
2022-01-12 20:09:36.140,BAWANG PUTIH CURAH/KG,KG,0.184,00156806,CU00000001,02020107,Sayur Umbi,20201,Sayur (Vegetable)
2022-01-16 21:34:21.720,SALAK PONDOH/KG,KG,0.408,00291583,CU00000001,02010131,Salak,20101,Buah (Fruit)
2022-01-28 18:15:25.983,TOMAT CURAH/KG,KG,0.726,00172790,CU00000001,02020102,Sayur Buah,20201,Sayur (Vegetable)
2022-01-07 13:28:01.967,PISANG CAVENDIS/KG*13,KG,0.378,00217071,CU00000001,02010129,Pisang,20101,Buah (Fruit)
2022-01-10 15:10:35.450,SEMANGKA MERAH/KG,KG,4.434,00133333,CU00000001,02010133,Semangka,20101,Buah (Fruit)
2022-01-26 10:32:02.400,PISANG CAVENDIS/KG*13,KG,0.342,00217071,CU00000001,02010129,Pisang,20101,Buah (Fruit)
2022-01-20 19:14:35.237,TOMAT CURAH/KG,KG,0.346,00172790,CU00000001,02020102,Sayur Buah,20201,Sayur (Vegetable)
2022-01-30 09:19:19.443,PEPAYA CALIFORNIA,KG,2.098,00149464,CU00000001,02010128,Pepaya,20101,Buah (Fruit)
2022-01-29 21:19:54.500,BUAH NAGA MERAH/KG,KG,0.882,00269629,CU00000001,02010107,Buah Naga,20101,Buah (Fruit)
2022-01-01 17:05:08.350,SEMANGKA MERAH/KG,KG,0.364,00133333,CU00000001,02010133,Semangka,20101,Buah (Fruit)
2022-01-20 20:47:45.817,SEMANGKA MERAH/KG,KG,1.488,00133333,CU00000001,02010133,Semangka,20101,Buah (Fruit)
2022-01-16 11:35:16.047,ANGGUR HITAM/KG,KG,0.366,00355063,CU00000001,02010136,Anggur,20101,Buah (Fruit)
2022-01-25 21:39:08.777,SALAK BALI / KG,KG,0.074,00241762,CU00000001,02010131,Salak,20101,Buah (Fruit)
2022-01-09 18:58:44.587,SEMANGKA MERAH/KG,KG,0.476,00133333,CU00000001,02010133,Semangka,20101,Buah (Fruit)
2022-01-22 09:14:02.290,APEL TOP RED/KG*19,KG,1.484,00133241,CU00000001,02010102,Apel,20101,Buah (Fruit)
2022-01-19 18:34:51.153,SEMANGKA MERAH/KG,KG,0.528,00133333,CU00000001,02010133,Semangka,20101,Buah (Fruit)
2022-01-25 17:46:45.473,KOL PUTIH/KG,KG,0.244,00172677,CU00000001,02020101,Sayur Bunga,20201,Sayur (Vegetable)
2022-01-04 19:10:18.267,BUAH NAGA MERAH/KG,KG,0.436,00269629,CU00000001,02010107,Buah Naga,20101,Buah (Fruit)
2022-01-18 15:24:49.463,SEMANGKA MERAH/KG,KG,0.802,00133333,CU00000001,02010133,Semangka,20101,Buah (Fruit)
2022-01-25 11:44:31.023,BUAH NAGA MERAH/KG,KG,0.128,00269629,CU00000001,02010107,Buah Naga,20101,Buah (Fruit)
2022-01-06 19:43:21.070,PISANG CAVENDIS/KG*13,KG,1.678,00217071,CU00000001,02010129,Pisang,20101,Buah (Fruit)
2022-01-16 17:13:46.267,PISANG CAVENDIS/KG*13,KG,0.404,00217071,CU00000001,02010129,Pisang,20101,Buah (Fruit)
2022-01-06 16:09:15.900,BUAH NAGA MERAH/KG,KG,1.12,00269629,CU00000001,02010107,Buah Naga,20101,Buah (Fruit)
2022-01-17 20:11:18.467,SEMANGKA MERAH/KG,KG,0.57,00133333,CU00000001,02010133,Semangka,20101,Buah (Fruit)
2022-01-22 20:02:32.147,PEPAYA CALIFORNIA,KG,1.278,00149464,CU00000001,02010128,Pepaya,20101,Buah (Fruit)
2022-01-04 18:13:37.243,BAWANG PUTIH CURAH/KG,KG,0.23,00156806,CU00000001,02020107,Sayur Umbi,20201,Sayur (Vegetable)
