2021-12-01 19:29:26.980,PISANG CAVENDIS/KG*13,KG,1.104,00217071,CU00000001,02010129,Pisang,20101,Buah (Fruit)
2021-12-08 18:05:40.340,APEL TOP RED/KG*19,KG,0.134,00133241,CU00000001,02010102,Apel,20101,Buah (Fruit)
2021-12-03 13:23:35.290,SEMANGKA MERAH/KG,KG,4.856,00133333,CU00000001,02010133,Semangka,20101,Buah (Fruit)
2021-12-23 11:30:38.217,SEMANGKA MERAH/KG,KG,0.644,00133333,CU00000001,02010133,Semangka,20101,Buah (Fruit)
2021-12-05 15:51:59.980,WORTEL A/IMPORT/KG*9,KG,0.444,00351379,CU00000001,02020105,Sayur Akar,20201,Sayur (Vegetable)
2021-12-06 17:45:44.120,PISANG CAVENDIS/KG*13,KG,0.568,00217071,CU00000001,02010129,Pisang,20101,Buah (Fruit)
2021-12-03 18:55:05.560,PISANG CAVENDIS/KG*13,KG,0.54,00217071,CU00000001,02010129,Pisang,20101,Buah (Fruit)
2021-12-01 17:39:39.320,SEMANGKA MERAH/KG,KG,0.632,00133333,CU00000001,02010133,Semangka,20101,Buah (Fruit)
2021-12-18 10:31:03.400,PEPAYA CALIFORNIA,KG,1.47,00149464,CU00000001,02010128,Pepaya,20101,Buah (Fruit)
2021-12-27 19:36:54.923,BUAH NAGA MERAH/KG,KG,0.888,00269629,CU00000001,02010107,Buah Naga,20101,Buah (Fruit)
2021-12-29 14:44:45.447,APEL TOP RED/KG*19,KG,0.248,00133241,CU00000001,02010102,Apel,20101,Buah (Fruit)
2021-12-18 17:45:26.043,PISANG CAVENDIS/KG*13,KG,0.392,00217071,CU00000001,02010129,Pisang,20101,Buah (Fruit)
2021-12-21 21:03:24.080,PISANG CAVENDIS/KG*13,KG,0.296,00217071,CU00000001,02010129,Pisang,20101,Buah (Fruit)
2021-12-09 10:12:27.123,SEMANGKA MERAH/KG,KG,0.33,00133333,CU00000001,02010133,Semangka,20101,Buah (Fruit)
2021-12-23 19:59:19.083,SEMANGKA MERAH/KG,KG,1.152,00133333,CU00000001,02010133,Semangka,20101,Buah (Fruit)
2021-12-23 18:11:24.813,PISANG CAVENDIS/KG*13,KG,0.534,00217071,CU00000001,02010129,Pisang,20101,Buah (Fruit)
2021-12-25 20:20:05.303,PISANG CAVENDIS/KG*13,KG,0.334,00217071,CU00000001,02010129,Pisang,20101,Buah (Fruit)
2021-12-30 15:19:22.500,SEMANGKA MERAH/KG,KG,0.94,00133333,CU00000001,02010133,Semangka,20101,Buah (Fruit)
2021-12-16 16:01:34.830,PEPAYA CALIFORNIA,KG,1.386,00149464,CU00000001,02010128,Pepaya,20101,Buah (Fruit)
2021-12-09 15:37:51.163,SEMANGKA MERAH/KG,KG,0.492,00133333,CU00000001,02010133,Semangka,20101,Buah (Fruit)
2021-12-22 18:20:29.413,SEMANGKA MERAH/KG,KG,0.42,00133333,CU00000001,02010133,Semangka,20101,Buah (Fruit)
2021-12-12 12:25:01.633,PISANG CAVENDIS/KG*13,KG,0.516,00217071,CU00000001,02010129,Pisang,20101,Buah (Fruit)
2021-12-22 17:02:09.333,SEMANGKA MERAH/KG,KG,0.664,00133333,CU00000001,02010133,Semangka,20101,Buah (Fruit)
2021-12-22 16:55:17.463,PISANG CAVENDIS/KG*13,KG,0.584,00217071,CU00000001,02010129,Pisang,20101,Buah (Fruit)
2021-12-03 18:52:19.700,SEMANGKA MERAH/KG,KG,5.224,00133333,CU00000001,02010133,Semangka,20101,Buah (Fruit)
2021-12-06 21:01:22.643,PEPAYA CALIFORNIA,KG,1.618,00149464,CU00000001,02010128,Pepaya,20101,Buah (Fruit)
2021-12-11 16:11:45.947,PEPAYA CALIFORNIA,KG,0.932,00149464,CU00000001,02010128,Pepaya,20101,Buah (Fruit)
2021-12-24 14:33:30.917,PEPAYA CALIFORNIA,KG,1.334,00149464,CU00000001,02010128,Pepaya,20101,Buah (Fruit)
2021-12-07 12:28:28.260,SALAK PONDOH/KG,KG,0.432,00291583,CU00000001,02010131,Salak,20101,Buah (Fruit)
2021-12-16 12:22:46.410,APEL TOP RED/KG*19,KG,0.26,00133241,CU00000001,02010102,Apel,20101,Buah (Fruit)
2021-12-23 18:31:31.557,BAWANG PUTIH CURAH/KG,KG,0.228,00156806,CU00000001,02020107,Sayur Umbi,20201,Sayur (Vegetable)
2021-12-27 16:37:22.887,SEMANGKA MERAH/KG,KG,0.348,00133333,CU00000001,02010133,Semangka,20101,Buah (Fruit)
2021-12-12 16:45:26.867,BAWANG PUTIH CURAH/KG,KG,0.27,00156806,CU00000001,02020107,Sayur Umbi,20201,Sayur (Vegetable)
2021-12-07 11:05:27.600,ANGGUR HITAM/KG,KG,0.272,00355063,CU00000001,02010136,Anggur,20101,Buah (Fruit)
2021-12-07 11:40:20.967,PISANG CAVENDIS/KG*13,KG,0.682,00217071,CU00000001,02010129,Pisang,20101,Buah (Fruit)
2021-12-02 12:53:37.000,PEPAYA CALIFORNIA,KG,1.764,00149464,CU00000001,02010128,Pepaya,20101,Buah (Fruit)
2021-12-25 10:09:24.717,SEMANGKA MERAH/KG,KG,0.45,00133333,CU00000001,02010133,Semangka,20101,Buah (Fruit)
2021-12-11 15:45:44.507,SEMANGKA MERAH/KG,KG,3.992,00133333,CU00000001,02010133,Semangka,20101,Buah (Fruit)
2021-12-14 10:43:46.097,SEMANGKA MERAH/KG,KG,0.614,00133333,CU00000001,02010133,Semangka,20101,Buah (Fruit)
2021-12-13 16:33:18.893,KOL PUTIH/KG,KG,0.206,00172677,CU00000001,02020101,Sayur Bunga,20201,Sayur (Vegetable)
2021-12-11 15:43:08.133,PISANG CAVENDIS/KG*13,KG,0.512,00217071,CU00000001,02010129,Pisang,20101,Buah (Fruit)
2021-12-11 17:21:57.563,KOL PUTIH/KG,KG,0.594,00172677,CU00000001,02020101,Sayur Bunga,20201,Sayur (Vegetable)
2021-12-10 12:31:26.640,SEMANGKA MERAH/KG,KG,0.504,00133333,CU00000001,02010133,Semangka,20101,Buah (Fruit)
2021-12-28 10:33:15.827,PISANG CAVENDIS/KG*13,KG,1.168,00217071,CU00000001,02010129,Pisang,20101,Buah (Fruit)
2021-12-24 17:40:01.980,PISANG CAVENDIS/KG*13,KG,0.748,00217071,CU00000001,02010129,Pisang,20101,Buah (Fruit)
2021-12-20 16:11:50.400,PEPAYA CALIFORNIA,KG,1.348,00149464,CU00000001,02010128,Pepaya,20101,Buah (Fruit)
2021-12-27 21:08:08.330,ANGGUR HITAM/KG,KG,0.232,00355063,CU00000001,02010136,Anggur,20101,Buah (Fruit)
2021-12-08 15:31:01.343,PEPAYA CALIFORNIA,KG,1.404,00149464,CU00000001,02010128,Pepaya,20101,Buah (Fruit)
2021-12-14 16:38:58.280,SEMANGKA MERAH/KG,KG,0.488,00133333,CU00000001,02010133,Semangka,20101,Buah (Fruit)
2021-12-01 21:25:09.133,SEMANGKA MERAH/KG,KG,0.5,00133333,CU00000001,02010133,Semangka,20101,Buah (Fruit)
2021-12-16 18:56:00.420,PISANG CAVENDIS/KG*13,KG,0.31,00217071,CU00000001,02010129,Pisang,20101,Buah (Fruit)
2021-12-05 16:23:57.960,PISANG CAVENDIS/KG*13,KG,0.508,00217071,CU00000001,02010129,Pisang,20101,Buah (Fruit)
2021-12-23 19:09:31.803,PEPAYA CALIFORNIA,KG,1.102,00149464,CU00000001,02010128,Pepaya,20101,Buah (Fruit)
2021-12-22 20:46:15.033,SEMANGKA MERAH/KG,KG,0.382,00133333,CU00000001,02010133,Semangka,20101,Buah (Fruit)
2021-12-21 17:23:55.497,PISANG CAVENDIS/KG*13,KG,0.454,00217071,CU00000001,02010129,Pisang,20101,Buah (Fruit)
2021-12-25 10:27:17.800,SEMANGKA MERAH/KG,KG,0.52,00133333,CU00000001,02010133,Semangka,20101,Buah (Fruit)
2021-12-02 19:42:44.257,PISANG CAVENDIS/KG*13,KG,0.588,00217071,CU00000001,02010129,Pisang,20101,Buah (Fruit)
2021-12-01 12:46:12.137,SEMANGKA MERAH/KG,KG,0.816,00133333,CU00000001,02010133,Semangka,20101,Buah (Fruit)
2021-12-07 10:49:24.497,PEPAYA CALIFORNIA,KG,1.52,00149464,CU00000001,02010128,Pepaya,20101,Buah (Fruit)
2021-12-05 17:43:20.340,PEPAYA CALIFORNIA,KG,1.32,00149464,CU00000001,02010128,Pepaya,20101,Buah (Fruit)
2021-12-21 17:24:13.120,SEMANGKA MERAH/KG,KG,0.814,00133333,CU00000001,02010133,Semangka,20101,Buah (Fruit)
2021-12-09 11:42:46.500,BUAH NAGA MERAH/KG,KG,1.192,00269629,CU00000001,02010107,Buah Naga,20101,Buah (Fruit)
2021-12-26 18:22:51.393,PISANG CAVENDIS/KG*13,KG,0.436,00217071,CU00000001,02010129,Pisang,20101,Buah (Fruit)
2021-12-24 17:35:10.820,PEAR SWEET *12KG,KG,1.21,00424400,CU00000001,02010137,Pear,20101,Buah (Fruit)
2021-12-10 20:09:32.597,APEL TOP RED/KG*19,KG,0.398,00133241,CU00000001,02010102,Apel,20101,Buah (Fruit)
2021-12-16 16:34:20.487,PISANG CAVENDIS/KG*13,KG,0.97,00217071,CU00000001,02010129,Pisang,20101,Buah (Fruit)
2021-12-14 19:18:31.360,PISANG CAVENDIS/KG*13,KG,0.304,00217071,CU00000001,02010129,Pisang,20101,Buah (Fruit)
2021-12-03 08:58:07.393,PEPAYA CALIFORNIA,KG,1.85,00149464,CU00000001,02010128,Pepaya,20101,Buah (Fruit)
2021-12-09 21:17:49.493,KOL PUTIH/KG,KG,0.488,00172677,CU00000001,02020101,Sayur Bunga,20201,Sayur (Vegetable)
2021-12-12 19:26:14.417,BAWANG PUTIH CURAH/KG,KG,0.218,00156806,CU00000001,02020107,Sayur Umbi,20201,Sayur (Vegetable)
2021-12-29 20:07:25.283,PISANG CAVENDIS/KG*13,KG,0.368,00217071,CU00000001,02010129,Pisang,20101,Buah (Fruit)
2021-12-10 11:41:26.253,SEMANGKA MERAH/KG,KG,0.532,00133333,CU00000001,02010133,Semangka,20101,Buah (Fruit)
2021-12-25 17:52:26.430,PISANG CAVENDIS/KG*13,KG,0.476,00217071,CU00000001,02010129,Pisang,20101,Buah (Fruit)
2021-12-19 09:19:53.687,BAWANG MERAH CURAH/KG,KG,0.318,00156790,CU00000001,02020107,Sayur Umbi,20201,Sayur (Vegetable)
2021-12-07 14:44:57.213,PEPAYA CALIFORNIA,KG,0.676,00149464,CU00000001,02010128,Pepaya,20101,Buah (Fruit)
2021-12-06 12:56:19.683,SEMANGKA MERAH/KG,KG,0.896,00133333,CU00000001,02010133,Semangka,20101,Buah (Fruit)
2021-12-28 19:09:44.857,BAWANG MERAH CURAH/KG,KG,0.618,00156790,CU00000001,02020107,Sayur Umbi,20201,Sayur (Vegetable)
2021-12-21 17:16:14.950,BUAH NAGA MERAH/KG,KG,0.366,00269629,CU00000001,02010107,Buah Naga,20101,Buah (Fruit)
2021-12-30 21:41:36.750,BUAH NAGA MERAH/KG,KG,0.424,00269629,CU00000001,02010107,Buah Naga,20101,Buah (Fruit)
2021-12-07 12:28:39.383,PISANG CAVENDIS/KG*13,KG,0.284,00217071,CU00000001,02010129,Pisang,20101,Buah (Fruit)
2021-12-01 16:54:25.157,SALAK PONDOH/KG,KG,0.56,00291583,CU00000001,02010131,Salak,20101,Buah (Fruit)
2021-12-09 17:42:44.687,PISANG CAVENDIS/KG*13,KG,0.44,00217071,CU00000001,02010129,Pisang,20101,Buah (Fruit)
2021-12-17 12:59:09.507,PEPAYA CALIFORNIA,KG,1.358,00149464,CU00000001,02010128,Pepaya,20101,Buah (Fruit)
2021-12-05 10:47:37.670,BAWANG MERAH CURAH/KG,KG,0.212,00156790,CU00000001,02020107,Sayur Umbi,20201,Sayur (Vegetable)
2021-12-21 10:58:06.253,PISANG CAVENDIS/KG*13,KG,0.358,00217071,CU00000001,02010129,Pisang,20101,Buah (Fruit)
2021-12-21 19:50:02.160,ANGGUR HITAM/KG,KG,0.384,00355063,CU00000001,02010136,Anggur,20101,Buah (Fruit)
2021-12-13 17:52:57.410,BAWANG MERAH CURAH/KG,KG,0.978,00156790,CU00000001,02020107,Sayur Umbi,20201,Sayur (Vegetable)
2021-12-09 19:59:18.980,SEMANGKA MERAH/KG,KG,0.402,00133333,CU00000001,02010133,Semangka,20101,Buah (Fruit)
2021-12-21 20:51:30.350,PEPAYA CALIFORNIA,KG,1.164,00149464,CU00000001,02010128,Pepaya,20101,Buah (Fruit)
2021-12-17 15:55:40.853,PISANG CAVENDIS/KG*13,KG,0.906,00217071,CU00000001,02010129,Pisang,20101,Buah (Fruit)
2021-12-10 12:28:01.010,SEMANGKA MERAH/KG,KG,0.412,00133333,CU00000001,02010133,Semangka,20101,Buah (Fruit)
2021-12-03 21:23:24.823,PISANG CAVENDIS/KG*13,KG,0.462,00217071,CU00000001,02010129,Pisang,20101,Buah (Fruit)
2021-12-18 09:46:44.477,BAWANG MERAH CURAH/KG,KG,0.32,00156790,CU00000001,02020107,Sayur Umbi,20201,Sayur (Vegetable)
2021-12-30 16:53:00.907,PEAR SWEET *12KG,KG,0.258,00424400,CU00000001,02010137,Pear,20101,Buah (Fruit)
2021-12-26 17:49:36.463,BAWANG MERAH CURAH/KG,KG,0.368,00156790,CU00000001,02020107,Sayur Umbi,20201,Sayur (Vegetable)
2021-12-02 18:56:42.350,BUAH NAGA MERAH/KG,KG,0.718,00269629,CU00000001,02010107,Buah Naga,20101,Buah (Fruit)
2021-12-05 20:19:35.077,SEMANGKA MERAH/KG,KG,0.608,00133333,CU00000001,02010133,Semangka,20101,Buah (Fruit)
2021-12-30 19:57:22.777,PEPAYA CALIFORNIA,KG,1.35,00149464,CU00000001,02010128,Pepaya,20101,Buah (Fruit)
2021-12-19 20:42:20.077,PEAR SWEET *12KG,KG,1.05,00424400,CU00000001,02010137,Pear,20101,Buah (Fruit)
2021-12-17 12:31:15.403,SEMANGKA MERAH/KG,KG,0.538,00133333,CU00000001,02010133,Semangka,20101,Buah (Fruit)
2021-12-24 19:02:56.097,PISANG CAVENDIS/KG*13,KG,0.68,00217071,CU00000001,02010129,Pisang,20101,Buah (Fruit)
2021-12-29 21:13:28.100,SEMANGKA MERAH/KG,KG,0.328,00133333,CU00000001,02010133,Semangka,20101,Buah (Fruit)
2021-12-25 09:40:18.130,SALAK BALI / KG,KG,0.322,00241762,CU00000001,02010131,Salak,20101,Buah (Fruit)
2021-12-02 18:56:33.400,PISANG CAVENDIS/KG*13,KG,0.598,00217071,CU00000001,02010129,Pisang,20101,Buah (Fruit)
2021-12-17 19:45:02.007,SEMANGKA MERAH/KG,KG,0.448,00133333,CU00000001,02010133,Semangka,20101,Buah (Fruit)
2021-12-19 20:26:28.217,PISANG CAVENDIS/KG*13,KG,0.384,00217071,CU00000001,02010129,Pisang,20101,Buah (Fruit)
2021-12-06 18:41:01.617,PISANG CAVENDIS/KG*13,KG,0.35,00217071,CU00000001,02010129,Pisang,20101,Buah (Fruit)
2021-12-12 16:51:03.363,TOMAT CURAH/KG,KG,0.864,00172790,CU00000001,02020102,Sayur Buah,20201,Sayur (Vegetable)
2021-12-16 11:11:45.197,KOL PUTIH/KG,KG,0.346,00172677,CU00000001,02020101,Sayur Bunga,20201,Sayur (Vegetable)
2021-12-05 16:06:01.517,BUAH NAGA MERAH/KG,KG,1.678,00269629,CU00000001,02010107,Buah Naga,20101,Buah (Fruit)
2021-12-06 18:50:36.803,PISANG CAVENDIS/KG*13,KG,0.42,00217071,CU00000001,02010129,Pisang,20101,Buah (Fruit)
2021-12-08 12:08:22.577,SEMANGKA MERAH/KG,KG,0.836,00133333,CU00000001,02010133,Semangka,20101,Buah (Fruit)
2021-12-30 19:01:10.513,PISANG CAVENDIS/KG*13,KG,0.388,00217071,CU00000001,02010129,Pisang,20101,Buah (Fruit)
2021-12-11 21:38:57.993,BAWANG PUTIH CURAH/KG,KG,0.21,00156806,CU00000001,02020107,Sayur Umbi,20201,Sayur (Vegetable)
2021-12-07 15:00:16.830,PISANG CAVENDIS/KG*13,KG,0.486,00217071,CU00000001,02010129,Pisang,20101,Buah (Fruit)
2021-12-16 20:11:30.580,BAWANG MERAH CURAH/KG,KG,0.304,00156790,CU00000001,02020107,Sayur Umbi,20201,Sayur (Vegetable)
2021-12-12 16:50:10.797,BAWANG MERAH CURAH/KG,KG,0.308,00156790,CU00000001,02020107,Sayur Umbi,20201,Sayur (Vegetable)
2021-12-24 12:26:49.623,BAWANG PUTIH CURAH/KG,KG,0.2,00156806,CU00000001,02020107,Sayur Umbi,20201,Sayur (Vegetable)
2021-12-26 20:41:27.110,PEPAYA CALIFORNIA,KG,0.722,00149464,CU00000001,02010128,Pepaya,20101,Buah (Fruit)
2021-12-28 10:03:24.273,SEMANGKA MERAH/KG,KG,0.796,00133333,CU00000001,02010133,Semangka,20101,Buah (Fruit)
2021-12-04 19:05:50.170,BAWANG MERAH CURAH/KG,KG,0.264,00156790,CU00000001,02020107,Sayur Umbi,20201,Sayur (Vegetable)
2021-12-30 19:32:33.200,SEMANGKA MERAH/KG,KG,4.712,00133333,CU00000001,02010133,Semangka,20101,Buah (Fruit)
2021-12-27 11:26:57.827,SEMANGKA MERAH/KG,KG,0.418,00133333,CU00000001,02010133,Semangka,20101,Buah (Fruit)
2021-12-24 12:26:00.087,BUAH NAGA MERAH/KG,KG,0.326,00269629,CU00000001,02010107,Buah Naga,20101,Buah (Fruit)
2021-12-02 19:20:40.520,PISANG CAVENDIS/KG*13,KG,0.542,00217071,CU00000001,02010129,Pisang,20101,Buah (Fruit)
2021-12-27 18:44:54.467,BAWANG MERAH CURAH/KG,KG,0.314,00156790,CU00000001,02020107,Sayur Umbi,20201,Sayur (Vegetable)
2021-12-09 19:44:02.770,PEPAYA CALIFORNIA,KG,1.602,00149464,CU00000001,02010128,Pepaya,20101,Buah (Fruit)
2021-12-25 16:35:21.620,BAWANG PUTIH CURAH/KG,KG,0.316,00156806,CU00000001,02020107,Sayur Umbi,20201,Sayur (Vegetable)
2021-12-01 20:13:13.380,TOMAT CURAH/KG,KG,1.044,00172790,CU00000001,02020102,Sayur Buah,20201,Sayur (Vegetable)
2021-12-04 11:42:47.210,PISANG CAVENDIS/KG*13,KG,0.486,00217071,CU00000001,02010129,Pisang,20101,Buah (Fruit)
2021-12-06 18:09:25.180,BAWANG MERAH CURAH/KG,KG,0.204,00156790,CU00000001,02020107,Sayur Umbi,20201,Sayur (Vegetable)
2021-12-07 11:09:23.913,ANGGUR HITAM/KG,KG,0.274,00355063,CU00000001,02010136,Anggur,20101,Buah (Fruit)
2021-12-15 10:15:21.197,PISANG CAVENDIS/KG*13,KG,0.42,00217071,CU00000001,02010129,Pisang,20101,Buah (Fruit)
2021-12-26 17:49:44.620,BAWANG PUTIH CURAH/KG,KG,0.286,00156806,CU00000001,02020107,Sayur Umbi,20201,Sayur (Vegetable)
2021-12-18 10:52:15.633,PEPAYA CALIFORNIA,KG,1.384,00149464,CU00000001,02010128,Pepaya,20101,Buah (Fruit)
2021-12-20 16:26:41.143,SALAK BALI / KG,KG,0.716,00241762,CU00000001,02010131,Salak,20101,Buah (Fruit)
2021-12-23 17:17:45.987,PISANG CAVENDIS/KG*13,KG,1.024,00217071,CU00000001,02010129,Pisang,20101,Buah (Fruit)
2021-12-18 17:11:55.710,BAWANG PUTIH CURAH/KG,KG,0.242,00156806,CU00000001,02020107,Sayur Umbi,20201,Sayur (Vegetable)
2021-12-29 12:55:27.443,PISANG CAVENDIS/KG*13,KG,0.338,00217071,CU00000001,02010129,Pisang,20101,Buah (Fruit)
2021-12-20 18:16:23.617,APEL TOP RED/KG*19,KG,0.276,00133241,CU00000001,02010102,Apel,20101,Buah (Fruit)
2021-12-04 11:42:58.053,APEL TOP RED/KG*19,KG,0.128,00133241,CU00000001,02010102,Apel,20101,Buah (Fruit)
2021-12-02 21:12:38.217,PISANG CAVENDIS/KG*13,KG,0.364,00217071,CU00000001,02010129,Pisang,20101,Buah (Fruit)
2021-12-03 12:16:09.253,PEPAYA CALIFORNIA,KG,1.632,00149464,CU00000001,02010128,Pepaya,20101,Buah (Fruit)
2021-12-03 12:22:11.010,ANGGUR HITAM/KG,KG,0.304,00355063,CU00000001,02010136,Anggur,20101,Buah (Fruit)
2021-12-14 10:50:47.120,SEMANGKA MERAH/KG,KG,0.95,00133333,CU00000001,02010133,Semangka,20101,Buah (Fruit)
2021-12-09 19:09:55.333,PEPAYA CALIFORNIA,KG,0.93,00149464,CU00000001,02010128,Pepaya,20101,Buah (Fruit)
2021-12-16 18:22:28.053,BUAH NAGA MERAH/KG,KG,1.26,00269629,CU00000001,02010107,Buah Naga,20101,Buah (Fruit)
2021-12-09 15:48:02.917,SEMANGKA MERAH/KG,KG,0.624,00133333,CU00000001,02010133,Semangka,20101,Buah (Fruit)
2021-12-21 20:07:26.827,BAWANG PUTIH CURAH/KG,KG,0.498,00156806,CU00000001,02020107,Sayur Umbi,20201,Sayur (Vegetable)
2021-12-19 18:34:45.410,PEPAYA CALIFORNIA,KG,0.616,00149464,CU00000001,02010128,Pepaya,20101,Buah (Fruit)
2021-12-29 14:03:31.427,SEMANGKA MERAH/KG,KG,0.336,00133333,CU00000001,02010133,Semangka,20101,Buah (Fruit)
2021-12-29 20:25:58.327,SEMANGKA MERAH/KG,KG,0.386,00133333,CU00000001,02010133,Semangka,20101,Buah (Fruit)
2021-12-02 12:50:10.557,SEMANGKA MERAH/KG,KG,4.86,00133333,CU00000001,02010133,Semangka,20101,Buah (Fruit)
2021-12-30 17:31:41.367,ANGGUR HITAM/KG,KG,0.308,00355063,CU00000001,02010136,Anggur,20101,Buah (Fruit)
2021-12-17 19:01:36.883,PISANG CAVENDIS/KG*13,KG,0.392,00217071,CU00000001,02010129,Pisang,20101,Buah (Fruit)
2021-12-12 14:27:18.203,BUAH NAGA MERAH/KG,KG,1.102,00269629,CU00000001,02010107,Buah Naga,20101,Buah (Fruit)
2021-12-29 17:57:45.930,PEPAYA CALIFORNIA,KG,1.484,00149464,CU00000001,02010128,Pepaya,20101,Buah (Fruit)
2021-12-16 18:59:09.193,BUAH NAGA MERAH/KG,KG,0.384,00269629,CU00000001,02010107,Buah Naga,20101,Buah (Fruit)
2021-12-28 17:14:25.690,PEPAYA CALIFORNIA,KG,1.28,00149464,CU00000001,02010128,Pepaya,20101,Buah (Fruit)
2021-12-02 18:17:10.887,SEMANGKA MERAH/KG,KG,0.452,00133333,CU00000001,02010133,Semangka,20101,Buah (Fruit)
2021-12-16 13:16:44.940,SEMANGKA MERAH/KG,KG,5.824,00133333,CU00000001,02010133,Semangka,20101,Buah (Fruit)
2021-12-27 17:24:17.247,PISANG CAVENDIS/KG*13,KG,0.302,00217071,CU00000001,02010129,Pisang,20101,Buah (Fruit)
2021-12-17 21:38:47.057,BAWANG PUTIH CURAH/KG,KG,0.55,00156806,CU00000001,02020107,Sayur Umbi,20201,Sayur (Vegetable)
2021-12-10 13:30:04.927,PISANG CAVENDIS/KG*13,KG,0.834,00217071,CU00000001,02010129,Pisang,20101,Buah (Fruit)
2021-12-24 16:58:58.800,PEPAYA CALIFORNIA,KG,2.264,00149464,CU00000001,02010128,Pepaya,20101,Buah (Fruit)
2021-12-17 08:16:36.037,PISANG CAVENDIS/KG*13,KG,0.598,00217071,CU00000001,02010129,Pisang,20101,Buah (Fruit)
2021-12-28 10:11:31.690,BAWANG PUTIH CURAH/KG,KG,0.288,00156806,CU00000001,02020107,Sayur Umbi,20201,Sayur (Vegetable)
2021-12-29 19:29:05.917,PEPAYA CALIFORNIA,KG,0.924,00149464,CU00000001,02010128,Pepaya,20101,Buah (Fruit)
2021-12-27 13:10:06.543,BAWANG MERAH CURAH/KG,KG,0.298,00156790,CU00000001,02020107,Sayur Umbi,20201,Sayur (Vegetable)
2021-12-05 13:00:55.737,APEL TOP RED/KG*19,KG,1.994,00133241,CU00000001,02010102,Apel,20101,Buah (Fruit)
2021-12-07 20:24:03.650,BAWANG MERAH CURAH/KG,KG,0.232,00156790,CU00000001,02020107,Sayur Umbi,20201,Sayur (Vegetable)
2021-12-10 09:42:39.860,PEPAYA CALIFORNIA,KG,1.63,00149464,CU00000001,02010128,Pepaya,20101,Buah (Fruit)
2021-12-03 18:30:14.230,SALAK PONDOH/KG,KG,0.254,00291583,CU00000001,02010131,Salak,20101,Buah (Fruit)
2021-12-27 18:21:09.470,PISANG CAVENDIS/KG*13,KG,0.618,00217071,CU00000001,02010129,Pisang,20101,Buah (Fruit)
2021-12-28 18:11:14.950,BUAH NAGA MERAH/KG,KG,0.126,00269629,CU00000001,02010107,Buah Naga,20101,Buah (Fruit)
2021-12-20 21:22:54.547,PEPAYA CALIFORNIA,KG,1.5,00149464,CU00000001,02010128,Pepaya,20101,Buah (Fruit)
2021-12-05 11:57:10.713,PISANG CAVENDIS/KG*13,KG,0.506,00217071,CU00000001,02010129,Pisang,20101,Buah (Fruit)
2021-12-04 12:03:58.350,PISANG CAVENDIS/KG*13,KG,0.806,00217071,CU00000001,02010129,Pisang,20101,Buah (Fruit)
2021-12-12 15:02:41.267,SEMANGKA MERAH/KG,KG,0.476,00133333,CU00000001,02010133,Semangka,20101,Buah (Fruit)
2021-12-04 16:14:50.970,BUAH NAGA MERAH/KG,KG,0.18,00269629,CU00000001,02010107,Buah Naga,20101,Buah (Fruit)
2021-12-06 18:41:06.100,BUAH NAGA MERAH/KG,KG,0.188,00269629,CU00000001,02010107,Buah Naga,20101,Buah (Fruit)
2021-12-17 15:32:34.910,PISANG CAVENDIS/KG*13,KG,0.352,00217071,CU00000001,02010129,Pisang,20101,Buah (Fruit)
2021-12-16 11:57:29.900,SEMANGKA MERAH/KG,KG,0.826,00133333,CU00000001,02010133,Semangka,20101,Buah (Fruit)
2021-12-07 20:23:55.170,BAWANG PUTIH CURAH/KG,KG,0.168,00156806,CU00000001,02020107,Sayur Umbi,20201,Sayur (Vegetable)
2021-12-02 18:07:24.627,SALAK BALI / KG,KG,0.544,00241762,CU00000001,02010131,Salak,20101,Buah (Fruit)
2021-12-18 10:21:10.753,PEPAYA CALIFORNIA,KG,0.734,00149464,CU00000001,02010128,Pepaya,20101,Buah (Fruit)
2021-12-12 11:29:10.173,SEMANGKA MERAH/KG,KG,0.478,00133333,CU00000001,02010133,Semangka,20101,Buah (Fruit)
2021-12-29 18:11:44.810,SEMANGKA MERAH/KG,KG,0.366,00133333,CU00000001,02010133,Semangka,20101,Buah (Fruit)
2021-12-17 21:42:56.943,KOL PUTIH/KG,KG,0.63,00172677,CU00000001,02020101,Sayur Bunga,20201,Sayur (Vegetable)
2021-12-25 16:16:46.657,ANGGUR HITAM/KG,KG,0.294,00355063,CU00000001,02010136,Anggur,20101,Buah (Fruit)
2021-12-17 20:40:43.047,SEMANGKA MERAH/KG,KG,0.468,00133333,CU00000001,02010133,Semangka,20101,Buah (Fruit)
2021-12-26 15:54:10.833,PEPAYA CALIFORNIA,KG,2.27,00149464,CU00000001,02010128,Pepaya,20101,Buah (Fruit)
2021-12-23 12:36:51.063,SEMANGKA MERAH/KG,KG,0.662,00133333,CU00000001,02010133,Semangka,20101,Buah (Fruit)
2021-12-07 19:23:14.410,SEMANGKA MERAH/KG,KG,0.376,00133333,CU00000001,02010133,Semangka,20101,Buah (Fruit)
2021-12-06 14:54:45.847,WORTEL A/IMPORT/KG*9,KG,0.418,00351379,CU00000001,02020105,Sayur Akar,20201,Sayur (Vegetable)
2021-12-18 13:02:13.613,BUAH NAGA MERAH/KG,KG,1.158,00269629,CU00000001,02010107,Buah Naga,20101,Buah (Fruit)
2021-12-24 13:08:20.140,PISANG CAVENDIS/KG*13,KG,0.554,00217071,CU00000001,02010129,Pisang,20101,Buah (Fruit)
2021-12-13 19:20:43.597,ANGGUR HITAM/KG,KG,0.328,00355063,CU00000001,02010136,Anggur,20101,Buah (Fruit)
2021-12-08 08:47:28.520,PISANG CAVENDIS/KG*13,KG,1.052,00217071,CU00000001,02010129,Pisang,20101,Buah (Fruit)
2021-12-07 20:23:10.990,PISANG CAVENDIS/KG*13,KG,0.488,00217071,CU00000001,02010129,Pisang,20101,Buah (Fruit)
2021-12-04 13:09:59.360,SALAK PONDOH/KG,KG,0.486,00291583,CU00000001,02010131,Salak,20101,Buah (Fruit)
2021-12-27 15:55:19.920,PISANG CAVENDIS/KG*13,KG,0.606,00217071,CU00000001,02010129,Pisang,20101,Buah (Fruit)
2021-12-03 15:01:00.473,TOMAT CURAH/KG,KG,0.466,00172790,CU00000001,02020102,Sayur Buah,20201,Sayur (Vegetable)
2021-12-24 09:14:52.033,BAWANG MERAH CURAH/KG,KG,0.35,00156790,CU00000001,02020107,Sayur Umbi,20201,Sayur (Vegetable)
2021-12-03 19:37:48.863,KOL PUTIH/KG,KG,0.632,00172677,CU00000001,02020101,Sayur Bunga,20201,Sayur (Vegetable)
2021-12-06 15:17:44.947,PEPAYA CALIFORNIA,KG,1.686,00149464,CU00000001,02010128,Pepaya,20101,Buah (Fruit)
2021-12-24 14:10:49.313,SEMANGKA MERAH/KG,KG,0.448,00133333,CU00000001,02010133,Semangka,20101,Buah (Fruit)
2021-12-17 20:00:48.227,BAWANG PUTIH CURAH/KG,KG,0.148,00156806,CU00000001,02020107,Sayur Umbi,20201,Sayur (Vegetable)
2021-12-14 16:59:23.783,PISANG CAVENDIS/KG*13,KG,0.57,00217071,CU00000001,02010129,Pisang,20101,Buah (Fruit)
2021-12-02 13:18:22.800,SEMANGKA MERAH/KG,KG,0.89,00133333,CU00000001,02010133,Semangka,20101,Buah (Fruit)
2021-12-18 20:15:53.873,PISANG CAVENDIS/KG*13,KG,0.532,00217071,CU00000001,02010129,Pisang,20101,Buah (Fruit)
2021-12-15 20:16:12.883,ANGGUR HITAM/KG,KG,0.326,00355063,CU00000001,02010136,Anggur,20101,Buah (Fruit)
2021-12-22 13:05:22.787,ANGGUR HITAM/KG,KG,0.578,00355063,CU00000001,02010136,Anggur,20101,Buah (Fruit)
2021-12-13 16:31:44.723,PISANG CAVENDIS/KG*13,KG,0.368,00217071,CU00000001,02010129,Pisang,20101,Buah (Fruit)
2021-12-12 09:41:20.053,PEPAYA CALIFORNIA,KG,1.542,00149464,CU00000001,02010128,Pepaya,20101,Buah (Fruit)
2021-12-03 11:21:02.270,BAWANG MERAH CURAH/KG,KG,0.512,00156790,CU00000001,02020107,Sayur Umbi,20201,Sayur (Vegetable)
2021-12-23 11:03:18.513,PEPAYA CALIFORNIA,KG,1.376,00149464,CU00000001,02010128,Pepaya,20101,Buah (Fruit)
2021-12-01 17:36:52.090,PISANG CAVENDIS/KG*13,KG,0.504,00217071,CU00000001,02010129,Pisang,20101,Buah (Fruit)
2021-12-09 17:46:39.170,BAWANG PUTIH CURAH/KG,KG,0.162,00156806,CU00000001,02020107,Sayur Umbi,20201,Sayur (Vegetable)
2021-12-08 09:58:52.560,BUAH NAGA MERAH/KG,KG,0.552,00269629,CU00000001,02010107,Buah Naga,20101,Buah (Fruit)
2021-12-04 20:41:39.310,PEPAYA CALIFORNIA,KG,2.164,00149464,CU00000001,02010128,Pepaya,20101,Buah (Fruit)
2021-12-29 18:47:02.903,PISANG CAVENDIS/KG*13,KG,0.304,00217071,CU00000001,02010129,Pisang,20101,Buah (Fruit)
2021-12-27 12:33:43.900,BUAH NAGA MERAH/KG,KG,0.134,00269629,CU00000001,02010107,Buah Naga,20101,Buah (Fruit)
2021-12-30 15:09:53.097,BAWANG MERAH CURAH/KG,KG,0.296,00156790,CU00000001,02020107,Sayur Umbi,20201,Sayur (Vegetable)
2021-12-25 21:39:16.057,PISANG CAVENDIS/KG*13,KG,0.498,00217071,CU00000001,02010129,Pisang,20101,Buah (Fruit)
2021-12-21 13:58:51.500,PISANG CAVENDIS/KG*13,KG,0.564,00217071,CU00000001,02010129,Pisang,20101,Buah (Fruit)
2021-12-24 20:49:03.793,BAWANG MERAH CURAH/KG,KG,0.374,00156790,CU00000001,02020107,Sayur Umbi,20201,Sayur (Vegetable)
2021-12-18 14:25:45.507,SEMANGKA MERAH/KG,KG,0.402,00133333,CU00000001,02010133,Semangka,20101,Buah (Fruit)
2021-12-01 16:22:45.097,SEMANGKA MERAH/KG,KG,0.412,00133333,CU00000001,02010133,Semangka,20101,Buah (Fruit)
2021-12-11 11:16:48.743,PISANG CAVENDIS/KG*13,KG,0.478,00217071,CU00000001,02010129,Pisang,20101,Buah (Fruit)
2021-12-22 19:31:20.647,SEMANGKA MERAH/KG,KG,0.526,00133333,CU00000001,02010133,Semangka,20101,Buah (Fruit)
2021-12-06 16:41:38.400,PEPAYA CALIFORNIA,KG,1.332,00149464,CU00000001,02010128,Pepaya,20101,Buah (Fruit)
2021-12-18 11:30:41.300,SEMANGKA MERAH/KG,KG,0.948,00133333,CU00000001,02010133,Semangka,20101,Buah (Fruit)
2021-12-12 10:04:49.947,PEPAYA CALIFORNIA,KG,1.874,00149464,CU00000001,02010128,Pepaya,20101,Buah (Fruit)
2021-12-16 20:25:48.190,PEPAYA CALIFORNIA,KG,1.392,00149464,CU00000001,02010128,Pepaya,20101,Buah (Fruit)
2021-12-13 17:52:46.290,PISANG CAVENDIS/KG*13,KG,0.33,00217071,CU00000001,02010129,Pisang,20101,Buah (Fruit)
2021-12-04 17:48:20.560,APEL TOP RED/KG*19,KG,0.814,00133241,CU00000001,02010102,Apel,20101,Buah (Fruit)
2021-12-07 19:22:04.250,PISANG CAVENDIS/KG*13,KG,0.502,00217071,CU00000001,02010129,Pisang,20101,Buah (Fruit)
2021-12-09 18:23:30.763,ANGGUR HITAM/KG,KG,0.304,00355063,CU00000001,02010136,Anggur,20101,Buah (Fruit)
2021-12-14 12:03:33.410,PISANG CAVENDIS/KG*13,KG,0.614,00217071,CU00000001,02010129,Pisang,20101,Buah (Fruit)
2021-12-17 21:42:47.150,TOMAT CURAH/KG,KG,0.236,00172790,CU00000001,02020102,Sayur Buah,20201,Sayur (Vegetable)
2021-12-20 14:19:21.773,KOL PUTIH/KG,KG,0.31,00172677,CU00000001,02020101,Sayur Bunga,20201,Sayur (Vegetable)
2021-12-29 16:59:20.880,PEPAYA CALIFORNIA,KG,1.328,00149464,CU00000001,02010128,Pepaya,20101,Buah (Fruit)
2021-12-03 11:40:36.130,SEMANGKA MERAH/KG,KG,0.52,00133333,CU00000001,02010133,Semangka,20101,Buah (Fruit)
2021-12-08 15:32:46.340,KOL PUTIH/KG,KG,0.342,00172677,CU00000001,02020101,Sayur Bunga,20201,Sayur (Vegetable)
2021-12-08 20:30:33.863,SEMANGKA MERAH/KG,KG,0.912,00133333,CU00000001,02010133,Semangka,20101,Buah (Fruit)
2021-12-25 11:15:12.960,WORTEL A/IMPORT/KG*9,KG,0.368,00351379,CU00000001,02020105,Sayur Akar,20201,Sayur (Vegetable)
2021-12-02 16:46:45.303,PISANG CAVENDIS/KG*13,KG,0.708,00217071,CU00000001,02010129,Pisang,20101,Buah (Fruit)
2021-12-22 16:31:21.250,ANGGUR HITAM/KG,KG,0.256,00355063,CU00000001,02010136,Anggur,20101,Buah (Fruit)
2021-12-13 12:31:19.473,SEMANGKA MERAH/KG,KG,0.404,00133333,CU00000001,02010133,Semangka,20101,Buah (Fruit)
2021-12-09 15:44:40.893,PISANG CAVENDIS/KG*13,KG,0.792,00217071,CU00000001,02010129,Pisang,20101,Buah (Fruit)
2021-12-26 18:06:51.150,SEMANGKA MERAH/KG,KG,0.422,00133333,CU00000001,02010133,Semangka,20101,Buah (Fruit)
2021-12-05 19:56:36.287,SALAK PONDOH/KG,KG,0.586,00291583,CU00000001,02010131,Salak,20101,Buah (Fruit)
2021-12-25 11:55:23.730,BAWANG MERAH CURAH/KG,KG,0.298,00156790,CU00000001,02020107,Sayur Umbi,20201,Sayur (Vegetable)
2021-12-24 17:36:37.567,PISANG CAVENDIS/KG*13,KG,0.77,00217071,CU00000001,02010129,Pisang,20101,Buah (Fruit)
2021-12-09 16:38:52.480,PISANG CAVENDIS/KG*13,KG,0.444,00217071,CU00000001,02010129,Pisang,20101,Buah (Fruit)
2021-12-09 15:44:53.813,SEMANGKA MERAH/KG,KG,0.928,00133333,CU00000001,02010133,Semangka,20101,Buah (Fruit)
2021-12-11 15:40:51.643,PISANG CAVENDIS/KG*13,KG,0.348,00217071,CU00000001,02010129,Pisang,20101,Buah (Fruit)
2021-12-17 12:11:01.147,PISANG CAVENDIS/KG*13,KG,1.046,00217071,CU00000001,02010129,Pisang,20101,Buah (Fruit)
2021-12-22 21:04:10.850,SEMANGKA MERAH/KG,KG,0.578,00133333,CU00000001,02010133,Semangka,20101,Buah (Fruit)
2021-12-01 15:59:04.707,PISANG CAVENDIS/KG*13,KG,0.504,00217071,CU00000001,02010129,Pisang,20101,Buah (Fruit)
2021-12-26 18:37:47.090,SEMANGKA MERAH/KG,KG,0.518,00133333,CU00000001,02010133,Semangka,20101,Buah (Fruit)
2021-12-16 17:37:43.713,BUAH NAGA MERAH/KG,KG,0.876,00269629,CU00000001,02010107,Buah Naga,20101,Buah (Fruit)
2021-12-20 14:16:29.620,PEPAYA CALIFORNIA,KG,0.704,00149464,CU00000001,02010128,Pepaya,20101,Buah (Fruit)
2021-12-10 13:26:19.987,KACANG HIJAU / KG,KG,0.224,00100809,CU00000001,01011601,Kacang Hijau,10116,Biji-bijian (Seeds)
2021-12-08 15:08:54.217,SEMANGKA MERAH/KG,KG,0.404,00133333,CU00000001,02010133,Semangka,20101,Buah (Fruit)
2021-12-09 18:47:09.590,PISANG CAVENDIS/KG*13,KG,1.212,00217071,CU00000001,02010129,Pisang,20101,Buah (Fruit)
2021-12-16 18:50:45.920,APEL TOP RED/KG*19,KG,0.13,00133241,CU00000001,02010102,Apel,20101,Buah (Fruit)
2021-12-11 19:58:25.320,SEMANGKA MERAH/KG,KG,0.35,00133333,CU00000001,02010133,Semangka,20101,Buah (Fruit)
2021-12-28 18:11:09.480,SEMANGKA MERAH/KG,KG,0.344,00133333,CU00000001,02010133,Semangka,20101,Buah (Fruit)
2021-12-25 10:59:43.490,PISANG CAVENDIS/KG*13,KG,0.738,00217071,CU00000001,02010129,Pisang,20101,Buah (Fruit)
2021-12-09 20:41:21.010,PISANG CAVENDIS/KG*13,KG,0.358,00217071,CU00000001,02010129,Pisang,20101,Buah (Fruit)
2021-12-04 09:42:37.127,TOMAT CURAH/KG,KG,0.384,00172790,CU00000001,02020102,Sayur Buah,20201,Sayur (Vegetable)
2021-12-23 14:22:41.420,PEPAYA CALIFORNIA,KG,1.726,00149464,CU00000001,02010128,Pepaya,20101,Buah (Fruit)
2021-12-14 10:51:32.630,PISANG CAVENDIS/KG*13,KG,0.57,00217071,CU00000001,02010129,Pisang,20101,Buah (Fruit)
2021-12-02 17:53:46.410,BUAH NAGA MERAH/KG,KG,0.476,00269629,CU00000001,02010107,Buah Naga,20101,Buah (Fruit)
2021-12-17 11:03:59.273,PEPAYA CALIFORNIA,KG,1.198,00149464,CU00000001,02010128,Pepaya,20101,Buah (Fruit)
2021-12-15 09:39:19.673,SALAK PONDOH/KG,KG,0.178,00291583,CU00000001,02010131,Salak,20101,Buah (Fruit)
2021-12-27 11:07:44.867,APEL TOP RED/KG*19,KG,1.674,00133241,CU00000001,02010102,Apel,20101,Buah (Fruit)
2021-12-21 19:50:13.783,BUAH NAGA MERAH/KG,KG,0.472,00269629,CU00000001,02010107,Buah Naga,20101,Buah (Fruit)
2021-12-12 19:45:34.373,BAWANG PUTIH CURAH/KG,KG,0.208,00156806,CU00000001,02020107,Sayur Umbi,20201,Sayur (Vegetable)
2021-12-19 12:10:13.110,PISANG CAVENDIS/KG*13,KG,0.538,00217071,CU00000001,02010129,Pisang,20101,Buah (Fruit)
2021-12-03 16:32:18.340,SEMANGKA MERAH/KG,KG,0.526,00133333,CU00000001,02010133,Semangka,20101,Buah (Fruit)
2021-12-03 19:35:59.417,SEMANGKA MERAH/KG,KG,0.908,00133333,CU00000001,02010133,Semangka,20101,Buah (Fruit)
2021-12-28 19:18:57.277,SEMANGKA MERAH/KG,KG,0.362,00133333,CU00000001,02010133,Semangka,20101,Buah (Fruit)
2021-12-18 10:16:11.280,PISANG CAVENDIS/KG*13,KG,0.528,00217071,CU00000001,02010129,Pisang,20101,Buah (Fruit)
2021-12-07 11:05:35.613,PISANG CAVENDIS/KG*13,KG,0.258,00217071,CU00000001,02010129,Pisang,20101,Buah (Fruit)
2021-12-24 14:02:35.383,PISANG CAVENDIS/KG*13,KG,0.878,00217071,CU00000001,02010129,Pisang,20101,Buah (Fruit)
2021-12-27 18:21:41.090,PEPAYA CALIFORNIA,KG,1.944,00149464,CU00000001,02010128,Pepaya,20101,Buah (Fruit)
2021-12-21 19:33:12.423,PEAR SWEET *12KG,KG,0.688,00424400,CU00000001,02010137,Pear,20101,Buah (Fruit)
2021-12-09 11:49:00.283,BUAH NAGA MERAH/KG,KG,0.438,00269629,CU00000001,02010107,Buah Naga,20101,Buah (Fruit)
2021-12-21 20:14:05.857,PISANG CAVENDIS/KG*13,KG,0.952,00217071,CU00000001,02010129,Pisang,20101,Buah (Fruit)
2021-12-14 11:20:22.690,BAWANG PUTIH CURAH/KG,KG,0.232,00156806,CU00000001,02020107,Sayur Umbi,20201,Sayur (Vegetable)
2021-12-23 17:29:11.350,BAWANG PUTIH CURAH/KG,KG,0.208,00156806,CU00000001,02020107,Sayur Umbi,20201,Sayur (Vegetable)
2021-12-24 12:26:54.437,BAWANG MERAH CURAH/KG,KG,0.318,00156790,CU00000001,02020107,Sayur Umbi,20201,Sayur (Vegetable)
2021-12-17 13:47:58.753,SEMANGKA MERAH/KG,KG,1.202,00133333,CU00000001,02010133,Semangka,20101,Buah (Fruit)
2021-12-23 17:52:42.473,PISANG CAVENDIS/KG*13,KG,0.42,00217071,CU00000001,02010129,Pisang,20101,Buah (Fruit)
2021-12-17 13:30:35.447,TOMAT CURAH/KG,KG,1.072,00172790,CU00000001,02020102,Sayur Buah,20201,Sayur (Vegetable)
2021-12-28 19:10:22.897,SEMANGKA MERAH/KG,KG,1.402,00133333,CU00000001,02010133,Semangka,20101,Buah (Fruit)
2021-12-11 19:09:30.623,SEMANGKA MERAH/KG,KG,0.434,00133333,CU00000001,02010133,Semangka,20101,Buah (Fruit)
2021-12-17 18:38:51.330,PISANG CAVENDIS/KG*13,KG,0.766,00217071,CU00000001,02010129,Pisang,20101,Buah (Fruit)
2021-12-11 20:00:51.557,BAWANG MERAH CURAH/KG,KG,0.392,00156790,CU00000001,02020107,Sayur Umbi,20201,Sayur (Vegetable)
2021-12-17 15:03:44.410,SALAK PONDOH/KG,KG,0.172,00291583,CU00000001,02010131,Salak,20101,Buah (Fruit)
2021-12-28 16:24:35.150,PISANG CAVENDIS/KG*13,KG,0.418,00217071,CU00000001,02010129,Pisang,20101,Buah (Fruit)
2021-12-20 12:36:23.953,KOL PUTIH/KG,KG,0.224,00172677,CU00000001,02020101,Sayur Bunga,20201,Sayur (Vegetable)
2021-12-01 21:32:14.097,PEPAYA CALIFORNIA,KG,1.79,00149464,CU00000001,02010128,Pepaya,20101,Buah (Fruit)
2021-12-18 18:26:43.223,ANGGUR HITAM/KG,KG,0.286,00355063,CU00000001,02010136,Anggur,20101,Buah (Fruit)
2021-12-23 19:43:09.933,PISANG CAVENDIS/KG*13,KG,0.926,00217071,CU00000001,02010129,Pisang,20101,Buah (Fruit)
2021-12-13 14:16:06.750,APEL TOP RED/KG*19,KG,0.39,00133241,CU00000001,02010102,Apel,20101,Buah (Fruit)
2021-12-02 17:35:28.690,PISANG CAVENDIS/KG*13,KG,1.024,00217071,CU00000001,02010129,Pisang,20101,Buah (Fruit)
2021-12-18 10:57:19.620,BUAH NAGA MERAH/KG,KG,1.32,00269629,CU00000001,02010107,Buah Naga,20101,Buah (Fruit)
2021-12-22 20:08:23.487,TOMAT CURAH/KG,KG,0.27,00172790,CU00000001,02020102,Sayur Buah,20201,Sayur (Vegetable)
2021-12-28 18:05:00.273,ANGGUR HITAM/KG,KG,0.238,00355063,CU00000001,02010136,Anggur,20101,Buah (Fruit)
2021-12-01 12:34:36.620,ANGGUR HITAM/KG,KG,0.296,00355063,CU00000001,02010136,Anggur,20101,Buah (Fruit)
2021-12-27 12:43:04.693,SEMANGKA MERAH/KG,KG,0.916,00133333,CU00000001,02010133,Semangka,20101,Buah (Fruit)
2021-12-23 13:38:58.383,SEMANGKA MERAH/KG,KG,0.598,00133333,CU00000001,02010133,Semangka,20101,Buah (Fruit)
2021-12-17 20:00:56.210,BAWANG MERAH CURAH/KG,KG,0.294,00156790,CU00000001,02020107,Sayur Umbi,20201,Sayur (Vegetable)
2021-12-22 12:53:51.313,SEMANGKA MERAH/KG,KG,0.514,00133333,CU00000001,02010133,Semangka,20101,Buah (Fruit)
2021-12-02 21:19:52.100,SALAK PONDOH/KG,KG,0.28,00291583,CU00000001,02010131,Salak,20101,Buah (Fruit)
2021-12-13 19:26:17.250,BAWANG PUTIH CURAH/KG,KG,0.232,00156806,CU00000001,02020107,Sayur Umbi,20201,Sayur (Vegetable)
2021-12-25 09:12:30.570,BAWANG MERAH CURAH/KG,KG,0.314,00156790,CU00000001,02020107,Sayur Umbi,20201,Sayur (Vegetable)
2021-12-21 13:38:26.353,SEMANGKA MERAH/KG,KG,0.824,00133333,CU00000001,02010133,Semangka,20101,Buah (Fruit)
2021-12-27 10:58:56.863,SEMANGKA MERAH/KG,KG,0.782,00133333,CU00000001,02010133,Semangka,20101,Buah (Fruit)
2021-12-08 19:46:30.497,PEPAYA CALIFORNIA,KG,1.722,00149464,CU00000001,02010128,Pepaya,20101,Buah (Fruit)
2021-12-11 09:16:49.143,SEMANGKA MERAH/KG,KG,0.674,00133333,CU00000001,02010133,Semangka,20101,Buah (Fruit)
2021-12-02 12:55:13.373,SEMANGKA MERAH/KG,KG,0.974,00133333,CU00000001,02010133,Semangka,20101,Buah (Fruit)
2021-12-12 16:49:51.457,PEPAYA CALIFORNIA,KG,0.746,00149464,CU00000001,02010128,Pepaya,20101,Buah (Fruit)
2021-12-21 20:14:05.857,PEPAYA CALIFORNIA,KG,1.304,00149464,CU00000001,02010128,Pepaya,20101,Buah (Fruit)
2021-12-13 19:26:26.467,BAWANG MERAH CURAH/KG,KG,0.356,00156790,CU00000001,02020107,Sayur Umbi,20201,Sayur (Vegetable)
2021-12-30 12:42:28.503,TOMAT CURAH/KG,KG,0.812,00172790,CU00000001,02020102,Sayur Buah,20201,Sayur (Vegetable)
2021-12-19 10:17:58.463,ANGGUR HITAM/KG,KG,0.64,00355063,CU00000001,02010136,Anggur,20101,Buah (Fruit)
2021-12-27 15:34:21.987,SEMANGKA MERAH/KG,KG,0.386,00133333,CU00000001,02010133,Semangka,20101,Buah (Fruit)
2021-12-21 11:26:22.370,SEMANGKA MERAH/KG,KG,0.466,00133333,CU00000001,02010133,Semangka,20101,Buah (Fruit)
2021-12-30 15:09:29.490,TOMAT CURAH/KG,KG,0.402,00172790,CU00000001,02020102,Sayur Buah,20201,Sayur (Vegetable)
2021-12-24 21:19:13.290,PISANG CAVENDIS/KG*13,KG,0.962,00217071,CU00000001,02010129,Pisang,20101,Buah (Fruit)
2021-12-28 11:49:51.863,PISANG CAVENDIS/KG*13,KG,0.946,00217071,CU00000001,02010129,Pisang,20101,Buah (Fruit)
2021-12-29 16:15:47.763,PEPAYA CALIFORNIA,KG,0.902,00149464,CU00000001,02010128,Pepaya,20101,Buah (Fruit)
2021-12-15 14:01:29.623,SEMANGKA MERAH/KG,KG,5.362,00133333,CU00000001,02010133,Semangka,20101,Buah (Fruit)
2021-12-23 18:57:20.780,SEMANGKA MERAH/KG,KG,0.504,00133333,CU00000001,02010133,Semangka,20101,Buah (Fruit)
2021-12-07 19:36:31.923,PISANG CAVENDIS/KG*13,KG,0.454,00217071,CU00000001,02010129,Pisang,20101,Buah (Fruit)
2021-12-03 16:50:03.470,KACANG HIJAU / KG,KG,0.244,00100809,CU00000001,01011601,Kacang Hijau,10116,Biji-bijian (Seeds)
2021-12-12 08:54:06.837,PEPAYA CALIFORNIA,KG,1.894,00149464,CU00000001,02010128,Pepaya,20101,Buah (Fruit)
2021-12-08 14:28:38.260,PEPAYA CALIFORNIA,KG,0.77,00149464,CU00000001,02010128,Pepaya,20101,Buah (Fruit)
2021-12-14 15:37:24.543,PISANG CAVENDIS/KG*13,KG,0.52,00217071,CU00000001,02010129,Pisang,20101,Buah (Fruit)
2021-12-05 10:11:29.677,BUAH NAGA MERAH/KG,KG,0.178,00269629,CU00000001,02010107,Buah Naga,20101,Buah (Fruit)
2021-12-09 16:00:10.550,SEMANGKA MERAH/KG,KG,0.922,00133333,CU00000001,02010133,Semangka,20101,Buah (Fruit)
2021-12-09 21:17:40.527,PISANG CAVENDIS/KG*13,KG,0.296,00217071,CU00000001,02010129,Pisang,20101,Buah (Fruit)
2021-12-09 18:09:29.290,PISANG CAVENDIS/KG*13,KG,0.678,00217071,CU00000001,02010129,Pisang,20101,Buah (Fruit)
2021-12-02 15:13:18.883,PISANG CAVENDIS/KG*13,KG,0.892,00217071,CU00000001,02010129,Pisang,20101,Buah (Fruit)
2021-12-22 16:10:44.963,PISANG CAVENDIS/KG*13,KG,0.55,00217071,CU00000001,02010129,Pisang,20101,Buah (Fruit)
2021-12-25 12:58:38.797,ANGGUR HITAM/KG,KG,0.336,00355063,CU00000001,02010136,Anggur,20101,Buah (Fruit)
2021-12-10 18:45:22.583,BUAH NAGA MERAH/KG,KG,0.67,00269629,CU00000001,02010107,Buah Naga,20101,Buah (Fruit)
2021-12-10 20:19:43.160,SALAK PONDOH/KG,KG,0.246,00291583,CU00000001,02010131,Salak,20101,Buah (Fruit)
2021-12-08 17:45:43.267,SEMANGKA MERAH/KG,KG,0.39,00133333,CU00000001,02010133,Semangka,20101,Buah (Fruit)
2021-12-30 12:00:57.187,SEMANGKA MERAH/KG,KG,0.928,00133333,CU00000001,02010133,Semangka,20101,Buah (Fruit)
2021-12-05 17:54:46.063,SALAK PONDOH/KG,KG,0.642,00291583,CU00000001,02010131,Salak,20101,Buah (Fruit)
2021-12-05 17:55:14.310,BAWANG PUTIH CURAH/KG,KG,0.18,00156806,CU00000001,02020107,Sayur Umbi,20201,Sayur (Vegetable)
2021-12-18 09:47:06.833,SEMANGKA MERAH/KG,KG,0.612,00133333,CU00000001,02010133,Semangka,20101,Buah (Fruit)
2021-12-16 14:53:04.587,KACANG HIJAU / KG,KG,1.508,00100809,CU00000001,01011601,Kacang Hijau,10116,Biji-bijian (Seeds)
2021-12-28 21:09:54.993,SEMANGKA MERAH/KG,KG,0.324,00133333,CU00000001,02010133,Semangka,20101,Buah (Fruit)
2021-12-17 14:27:06.007,BAWANG PUTIH CURAH/KG,KG,0.208,00156806,CU00000001,02020107,Sayur Umbi,20201,Sayur (Vegetable)
2021-12-13 17:52:51.397,BAWANG PUTIH CURAH/KG,KG,0.51,00156806,CU00000001,02020107,Sayur Umbi,20201,Sayur (Vegetable)
2021-12-04 20:10:17.870,ANGGUR HITAM/KG,KG,0.416,00355063,CU00000001,02010136,Anggur,20101,Buah (Fruit)
2021-12-24 11:34:56.247,ANGGUR HITAM/KG,KG,0.248,00355063,CU00000001,02010136,Anggur,20101,Buah (Fruit)
2021-12-11 15:26:47.110,PISANG CAVENDIS/KG*13,KG,0.512,00217071,CU00000001,02010129,Pisang,20101,Buah (Fruit)
2021-12-21 15:55:03.370,SEMANGKA MERAH/KG,KG,0.24,00133333,CU00000001,02010133,Semangka,20101,Buah (Fruit)
2021-12-24 12:27:41.020,PISANG CAVENDIS/KG*13,KG,0.502,00217071,CU00000001,02010129,Pisang,20101,Buah (Fruit)
2021-12-12 12:59:36.813,PEPAYA CALIFORNIA,KG,1.842,00149464,CU00000001,02010128,Pepaya,20101,Buah (Fruit)
2021-12-25 16:17:11.573,PISANG CAVENDIS/KG*13,KG,0.662,00217071,CU00000001,02010129,Pisang,20101,Buah (Fruit)
2021-12-28 10:03:17.570,PISANG CAVENDIS/KG*13,KG,0.316,00217071,CU00000001,02010129,Pisang,20101,Buah (Fruit)
2021-12-23 17:13:58.440,PEPAYA CALIFORNIA,KG,2.976,00149464,CU00000001,02010128,Pepaya,20101,Buah (Fruit)
2021-12-13 17:53:02.253,PISANG CAVENDIS/KG*13,KG,0.51,00217071,CU00000001,02010129,Pisang,20101,Buah (Fruit)
2021-12-22 14:13:55.013,PISANG CAVENDIS/KG*13,KG,1.604,00217071,CU00000001,02010129,Pisang,20101,Buah (Fruit)
2021-12-12 12:43:37.067,SEMANGKA MERAH/KG,KG,3.876,00133333,CU00000001,02010133,Semangka,20101,Buah (Fruit)
2021-12-28 19:53:39.550,BUAH NAGA MERAH/KG,KG,1.068,00269629,CU00000001,02010107,Buah Naga,20101,Buah (Fruit)
2021-12-04 18:05:08.453,BUAH NAGA MERAH/KG,KG,0.938,00269629,CU00000001,02010107,Buah Naga,20101,Buah (Fruit)
2021-12-15 10:25:06.660,SEMANGKA MERAH/KG,KG,0.936,00133333,CU00000001,02010133,Semangka,20101,Buah (Fruit)
2021-12-02 15:35:59.147,TOMAT CURAH/KG,KG,0.432,00172790,CU00000001,02020102,Sayur Buah,20201,Sayur (Vegetable)
2021-12-21 19:35:51.390,BAWANG MERAH CURAH/KG,KG,0.352,00156790,CU00000001,02020107,Sayur Umbi,20201,Sayur (Vegetable)
2021-12-27 13:58:32.523,KOL PUTIH/KG,KG,0.456,00172677,CU00000001,02020101,Sayur Bunga,20201,Sayur (Vegetable)
2021-12-02 18:42:18.447,PEPAYA CALIFORNIA,KG,2.026,00149464,CU00000001,02010128,Pepaya,20101,Buah (Fruit)
2021-12-01 12:45:57.127,SALAK PONDOH/KG,KG,0.484,00291583,CU00000001,02010131,Salak,20101,Buah (Fruit)
2021-12-08 17:06:50.623,ANGGUR HITAM/KG,KG,0.35,00355063,CU00000001,02010136,Anggur,20101,Buah (Fruit)
2021-12-06 19:00:39.990,BUAH NAGA MERAH/KG,KG,0.17,00269629,CU00000001,02010107,Buah Naga,20101,Buah (Fruit)
2021-12-11 18:43:47.430,PISANG CAVENDIS/KG*13,KG,0.416,00217071,CU00000001,02010129,Pisang,20101,Buah (Fruit)
2021-12-22 16:34:26.040,PEPAYA CALIFORNIA,KG,1.448,00149464,CU00000001,02010128,Pepaya,20101,Buah (Fruit)
2021-12-16 19:45:47.937,PISANG CAVENDIS/KG*13,KG,0.384,00217071,CU00000001,02010129,Pisang,20101,Buah (Fruit)
2021-12-13 19:19:36.783,SALAK PONDOH/KG,KG,0.35,00291583,CU00000001,02010131,Salak,20101,Buah (Fruit)
2021-12-11 18:44:48.823,PISANG CAVENDIS/KG*13,KG,0.974,00217071,CU00000001,02010129,Pisang,20101,Buah (Fruit)
2021-12-25 16:16:12.117,SEMANGKA MERAH/KG,KG,0.362,00133333,CU00000001,02010133,Semangka,20101,Buah (Fruit)
2021-12-25 11:43:37.947,SEMANGKA MERAH/KG,KG,0.476,00133333,CU00000001,02010133,Semangka,20101,Buah (Fruit)
2021-12-01 16:23:22.010,PISANG CAVENDIS/KG*13,KG,0.7,00217071,CU00000001,02010129,Pisang,20101,Buah (Fruit)
2021-12-10 19:17:20.000,SEMANGKA MERAH/KG,KG,0.638,00133333,CU00000001,02010133,Semangka,20101,Buah (Fruit)
2021-12-04 08:29:50.667,PEPAYA CALIFORNIA,KG,1.864,00149464,CU00000001,02010128,Pepaya,20101,Buah (Fruit)
2021-12-21 12:29:45.253,ANGGUR HITAM/KG,KG,0.652,00355063,CU00000001,02010136,Anggur,20101,Buah (Fruit)
2021-12-27 17:07:43.367,KACANG HIJAU / KG,KG,0.172,00100809,CU00000001,01011601,Kacang Hijau,10116,Biji-bijian (Seeds)
2021-12-17 21:29:28.730,SEMANGKA MERAH/KG,KG,0.466,00133333,CU00000001,02010133,Semangka,20101,Buah (Fruit)
2021-12-06 19:28:02.587,PISANG CAVENDIS/KG*13,KG,0.85,00217071,CU00000001,02010129,Pisang,20101,Buah (Fruit)
2021-12-11 20:00:58.960,BAWANG PUTIH CURAH/KG,KG,0.306,00156806,CU00000001,02020107,Sayur Umbi,20201,Sayur (Vegetable)
2021-12-29 15:52:48.540,KACANG HIJAU / KG,KG,0.422,00100809,CU00000001,01011601,Kacang Hijau,10116,Biji-bijian (Seeds)
2021-12-21 19:15:56.427,ANGGUR HITAM/KG,KG,0.218,00355063,CU00000001,02010136,Anggur,20101,Buah (Fruit)
2021-12-27 13:58:19.043,WORTEL A/IMPORT/KG*9,KG,0.33,00351379,CU00000001,02020105,Sayur Akar,20201,Sayur (Vegetable)
2021-12-29 17:57:31.793,PISANG CAVENDIS/KG*13,KG,0.366,00217071,CU00000001,02010129,Pisang,20101,Buah (Fruit)
2021-12-03 11:38:06.503,KOL PUTIH/KG,KG,0.544,00172677,CU00000001,02020101,Sayur Bunga,20201,Sayur (Vegetable)
2021-12-20 20:47:59.087,PISANG CAVENDIS/KG*13,KG,0.504,00217071,CU00000001,02010129,Pisang,20101,Buah (Fruit)
2021-12-26 13:48:43.820,BUAH NAGA MERAH/KG,KG,0.24,00269629,CU00000001,02010107,Buah Naga,20101,Buah (Fruit)
2021-12-29 11:57:25.233,ANGGUR HITAM/KG,KG,0.23,00355063,CU00000001,02010136,Anggur,20101,Buah (Fruit)
2021-12-30 12:14:14.010,PISANG CAVENDIS/KG*13,KG,0.422,00217071,CU00000001,02010129,Pisang,20101,Buah (Fruit)
2021-12-16 11:12:14.237,TOMAT CURAH/KG,KG,0.678,00172790,CU00000001,02020102,Sayur Buah,20201,Sayur (Vegetable)
2021-12-21 18:18:49.140,APEL TOP RED/KG*19,KG,0.406,00133241,CU00000001,02010102,Apel,20101,Buah (Fruit)
2021-12-25 11:48:07.270,PISANG CAVENDIS/KG*13,KG,0.592,00217071,CU00000001,02010129,Pisang,20101,Buah (Fruit)
2021-12-12 20:17:20.917,KACANG HIJAU / KG,KG,0.502,00100809,CU00000001,01011601,Kacang Hijau,10116,Biji-bijian (Seeds)
2021-12-05 15:51:40.797,BAWANG MERAH CURAH/KG,KG,0.258,00156790,CU00000001,02020107,Sayur Umbi,20201,Sayur (Vegetable)
2021-12-10 20:20:53.397,PEPAYA CALIFORNIA,KG,1.822,00149464,CU00000001,02010128,Pepaya,20101,Buah (Fruit)
2021-12-28 12:10:25.680,ANGGUR HITAM/KG,KG,0.242,00355063,CU00000001,02010136,Anggur,20101,Buah (Fruit)
2021-12-01 10:12:36.373,SEMANGKA MERAH/KG,KG,0.498,00133333,CU00000001,02010133,Semangka,20101,Buah (Fruit)
2021-12-07 15:03:46.820,WORTEL A/IMPORT/KG*9,KG,0.384,00351379,CU00000001,02020105,Sayur Akar,20201,Sayur (Vegetable)
2021-12-19 19:26:19.140,PISANG CAVENDIS/KG*13,KG,1.482,00217071,CU00000001,02010129,Pisang,20101,Buah (Fruit)
2021-12-22 11:20:51.017,SEMANGKA MERAH/KG,KG,0.56,00133333,CU00000001,02010133,Semangka,20101,Buah (Fruit)
2021-12-08 14:26:05.370,SEMANGKA MERAH/KG,KG,0.88,00133333,CU00000001,02010133,Semangka,20101,Buah (Fruit)
2021-12-02 21:28:15.017,KOL PUTIH/KG,KG,0.616,00172677,CU00000001,02020101,Sayur Bunga,20201,Sayur (Vegetable)
2021-12-02 16:58:05.090,PISANG CAVENDIS/KG*13,KG,0.498,00217071,CU00000001,02010129,Pisang,20101,Buah (Fruit)
2021-12-09 18:23:42.230,BAWANG MERAH CURAH/KG,KG,0.224,00156790,CU00000001,02020107,Sayur Umbi,20201,Sayur (Vegetable)
2021-12-01 20:08:45.577,SEMANGKA MERAH/KG,KG,0.434,00133333,CU00000001,02010133,Semangka,20101,Buah (Fruit)
2021-12-12 20:43:31.230,SEMANGKA MERAH/KG,KG,0.364,00133333,CU00000001,02010133,Semangka,20101,Buah (Fruit)
2021-12-21 12:08:01.013,SEMANGKA MERAH/KG,KG,0.476,00133333,CU00000001,02010133,Semangka,20101,Buah (Fruit)
2021-12-15 11:14:27.070,SEMANGKA MERAH/KG,KG,1.538,00133333,CU00000001,02010133,Semangka,20101,Buah (Fruit)
2021-12-14 19:05:52.150,KACANG HIJAU / KG,KG,0.41,00100809,CU00000001,01011601,Kacang Hijau,10116,Biji-bijian (Seeds)
2021-12-18 18:35:59.737,PISANG CAVENDIS/KG*13,KG,0.488,00217071,CU00000001,02010129,Pisang,20101,Buah (Fruit)
2021-12-23 17:33:00.150,SEMANGKA MERAH/KG,KG,1.048,00133333,CU00000001,02010133,Semangka,20101,Buah (Fruit)
2021-12-04 14:48:29.093,BUAH NAGA MERAH/KG,KG,1.302,00269629,CU00000001,02010107,Buah Naga,20101,Buah (Fruit)
2021-12-23 12:24:36.650,SEMANGKA MERAH/KG,KG,0.416,00133333,CU00000001,02010133,Semangka,20101,Buah (Fruit)
2021-12-02 12:25:05.730,SEMANGKA MERAH/KG,KG,0.982,00133333,CU00000001,02010133,Semangka,20101,Buah (Fruit)
2021-12-30 10:30:00.277,SEMANGKA MERAH/KG,KG,0.394,00133333,CU00000001,02010133,Semangka,20101,Buah (Fruit)
2021-12-11 19:48:45.123,PISANG CAVENDIS/KG*13,KG,0.35,00217071,CU00000001,02010129,Pisang,20101,Buah (Fruit)
2021-12-02 20:16:48.240,PEPAYA CALIFORNIA,KG,1.022,00149464,CU00000001,02010128,Pepaya,20101,Buah (Fruit)
2021-12-16 20:46:07.857,ANGGUR HITAM/KG,KG,0.312,00355063,CU00000001,02010136,Anggur,20101,Buah (Fruit)
2021-12-06 12:00:32.753,SEMANGKA MERAH/KG,KG,0.762,00133333,CU00000001,02010133,Semangka,20101,Buah (Fruit)
2021-12-12 19:27:01.097,APEL TOP RED/KG*19,KG,0.266,00133241,CU00000001,02010102,Apel,20101,Buah (Fruit)
2021-12-16 09:04:05.030,PISANG CAVENDIS/KG*13,KG,0.576,00217071,CU00000001,02010129,Pisang,20101,Buah (Fruit)
2021-12-28 19:08:05.033,BAWANG PUTIH CURAH/KG,KG,0.522,00156806,CU00000001,02020107,Sayur Umbi,20201,Sayur (Vegetable)
2021-12-06 16:23:21.320,SEMANGKA MERAH/KG,KG,0.518,00133333,CU00000001,02010133,Semangka,20101,Buah (Fruit)
2021-12-28 21:45:46.660,PISANG CAVENDIS/KG*13,KG,0.376,00217071,CU00000001,02010129,Pisang,20101,Buah (Fruit)
2021-12-26 10:13:20.990,PEPAYA CALIFORNIA,KG,1.482,00149464,CU00000001,02010128,Pepaya,20101,Buah (Fruit)
2021-12-08 13:50:48.620,KOL PUTIH/KG,KG,0.572,00172677,CU00000001,02020101,Sayur Bunga,20201,Sayur (Vegetable)
2021-12-25 08:44:22.533,SEMANGKA MERAH/KG,KG,0.42,00133333,CU00000001,02010133,Semangka,20101,Buah (Fruit)
2021-12-13 18:34:10.497,PISANG CAVENDIS/KG*13,KG,0.398,00217071,CU00000001,02010129,Pisang,20101,Buah (Fruit)
2021-12-18 09:14:03.827,SALAK PONDOH/KG,KG,1.336,00291583,CU00000001,02010131,Salak,20101,Buah (Fruit)
2021-12-01 19:28:15.527,PISANG CAVENDIS/KG*13,KG,0.744,00217071,CU00000001,02010129,Pisang,20101,Buah (Fruit)
2021-12-06 17:33:07.960,SEMANGKA MERAH/KG,KG,0.43,00133333,CU00000001,02010133,Semangka,20101,Buah (Fruit)
2021-12-11 15:39:55.217,SEMANGKA MERAH/KG,KG,0.448,00133333,CU00000001,02010133,Semangka,20101,Buah (Fruit)
2021-12-12 19:26:25.900,BAWANG MERAH CURAH/KG,KG,0.286,00156790,CU00000001,02020107,Sayur Umbi,20201,Sayur (Vegetable)
2021-12-28 10:02:29.020,BAWANG PUTIH CURAH/KG,KG,0.232,00156806,CU00000001,02020107,Sayur Umbi,20201,Sayur (Vegetable)
2021-12-11 12:20:40.580,SALAK PONDOH/KG,KG,0.884,00291583,CU00000001,02010131,Salak,20101,Buah (Fruit)
2021-12-17 12:14:46.070,SEMANGKA MERAH/KG,KG,0.378,00133333,CU00000001,02010133,Semangka,20101,Buah (Fruit)
2021-12-29 15:21:30.930,PISANG CAVENDIS/KG*13,KG,0.808,00217071,CU00000001,02010129,Pisang,20101,Buah (Fruit)
2021-12-13 17:26:36.757,TOMAT CURAH/KG,KG,0.384,00172790,CU00000001,02020102,Sayur Buah,20201,Sayur (Vegetable)
2021-12-28 17:14:15.380,BUAH NAGA MERAH/KG,KG,0.18,00269629,CU00000001,02010107,Buah Naga,20101,Buah (Fruit)
2021-12-12 20:11:09.070,PISANG CAVENDIS/KG*13,KG,0.528,00217071,CU00000001,02010129,Pisang,20101,Buah (Fruit)
2021-12-02 19:31:10.847,BUAH NAGA MERAH/KG,KG,1.034,00269629,CU00000001,02010107,Buah Naga,20101,Buah (Fruit)
2021-12-02 19:25:46.833,PEPAYA CALIFORNIA,KG,1.376,00149464,CU00000001,02010128,Pepaya,20101,Buah (Fruit)
2021-12-09 12:01:21.810,PISANG CAVENDIS/KG*13,KG,0.342,00217071,CU00000001,02010129,Pisang,20101,Buah (Fruit)
2021-12-03 21:15:15.483,KACANG HIJAU / KG,KG,0.108,00100809,CU00000001,01011601,Kacang Hijau,10116,Biji-bijian (Seeds)
2021-12-23 18:31:17.857,BAWANG MERAH CURAH/KG,KG,0.698,00156790,CU00000001,02020107,Sayur Umbi,20201,Sayur (Vegetable)
2021-12-03 17:40:01.030,BAWANG PUTIH CURAH/KG,KG,0.216,00156806,CU00000001,02020107,Sayur Umbi,20201,Sayur (Vegetable)
2021-12-27 14:23:04.747,KOL PUTIH/KG,KG,0.502,00172677,CU00000001,02020101,Sayur Bunga,20201,Sayur (Vegetable)
2021-12-03 09:52:59.320,PISANG CAVENDIS/KG*13,KG,0.564,00217071,CU00000001,02010129,Pisang,20101,Buah (Fruit)
2021-12-08 15:37:03.333,PISANG CAVENDIS/KG*13,KG,1.032,00217071,CU00000001,02010129,Pisang,20101,Buah (Fruit)
2021-12-08 16:16:17.117,PISANG CAVENDIS/KG*13,KG,0.288,00217071,CU00000001,02010129,Pisang,20101,Buah (Fruit)
2021-12-22 17:55:44.177,SEMANGKA MERAH/KG,KG,0.604,00133333,CU00000001,02010133,Semangka,20101,Buah (Fruit)
2021-12-04 14:48:22.000,PEPAYA CALIFORNIA,KG,1.464,00149464,CU00000001,02010128,Pepaya,20101,Buah (Fruit)
2021-12-03 19:37:56.940,PEPAYA CALIFORNIA,KG,0.802,00149464,CU00000001,02010128,Pepaya,20101,Buah (Fruit)
2021-12-29 17:28:36.140,PISANG CAVENDIS/KG*13,KG,1.308,00217071,CU00000001,02010129,Pisang,20101,Buah (Fruit)
2021-12-15 18:47:31.070,APEL TOP RED/KG*19,KG,2.332,00133241,CU00000001,02010102,Apel,20101,Buah (Fruit)
2021-12-14 18:39:23.857,SEMANGKA MERAH/KG,KG,0.472,00133333,CU00000001,02010133,Semangka,20101,Buah (Fruit)
2021-12-07 14:45:44.643,PISANG CAVENDIS/KG*13,KG,0.456,00217071,CU00000001,02010129,Pisang,20101,Buah (Fruit)
2021-12-18 13:23:48.150,SEMANGKA MERAH/KG,KG,0.792,00133333,CU00000001,02010133,Semangka,20101,Buah (Fruit)
2021-12-06 15:01:16.830,TOMAT CURAH/KG,KG,0.426,00172790,CU00000001,02020102,Sayur Buah,20201,Sayur (Vegetable)
2021-12-13 17:40:55.350,PISANG CAVENDIS/KG*13,KG,1.096,00217071,CU00000001,02010129,Pisang,20101,Buah (Fruit)
2021-12-21 12:52:56.133,PISANG CAVENDIS/KG*13,KG,0.676,00217071,CU00000001,02010129,Pisang,20101,Buah (Fruit)
2021-12-20 14:16:36.853,PISANG CAVENDIS/KG*13,KG,0.47,00217071,CU00000001,02010129,Pisang,20101,Buah (Fruit)
2021-12-25 09:40:35.580,PISANG CAVENDIS/KG*13,KG,0.34,00217071,CU00000001,02010129,Pisang,20101,Buah (Fruit)
2021-12-27 13:10:43.207,BAWANG PUTIH CURAH/KG,KG,0.274,00156806,CU00000001,02020107,Sayur Umbi,20201,Sayur (Vegetable)
2021-12-22 19:40:24.850,ANGGUR HITAM/KG,KG,0.304,00355063,CU00000001,02010136,Anggur,20101,Buah (Fruit)
2021-12-19 16:06:33.727,SALAK PONDOH/KG,KG,0.14,00291583,CU00000001,02010131,Salak,20101,Buah (Fruit)
2021-12-30 15:09:19.180,SEMANGKA MERAH/KG,KG,0.324,00133333,CU00000001,02010133,Semangka,20101,Buah (Fruit)
2021-12-19 19:06:52.370,BAWANG MERAH CURAH/KG,KG,0.342,00156790,CU00000001,02020107,Sayur Umbi,20201,Sayur (Vegetable)
2021-12-13 17:26:02.390,PEPAYA CALIFORNIA,KG,1.73,00149464,CU00000001,02010128,Pepaya,20101,Buah (Fruit)
2021-12-03 15:21:00.640,APEL TOP RED/KG*19,KG,0.526,00133241,CU00000001,02010102,Apel,20101,Buah (Fruit)
2021-12-22 20:33:24.250,PEPAYA CALIFORNIA,KG,1.026,00149464,CU00000001,02010128,Pepaya,20101,Buah (Fruit)
2021-12-21 10:18:19.210,PISANG CAVENDIS/KG*13,KG,0.564,00217071,CU00000001,02010129,Pisang,20101,Buah (Fruit)
2021-12-03 09:40:18.563,ANGGUR HITAM/KG,KG,0.24,00355063,CU00000001,02010136,Anggur,20101,Buah (Fruit)
2021-12-10 19:35:22.380,PISANG CAVENDIS/KG*13,KG,0.74,00217071,CU00000001,02010129,Pisang,20101,Buah (Fruit)
2021-12-02 20:34:31.373,BUAH NAGA MERAH/KG,KG,0.524,00269629,CU00000001,02010107,Buah Naga,20101,Buah (Fruit)
2021-12-12 19:45:21.767,BAWANG MERAH CURAH/KG,KG,0.322,00156790,CU00000001,02020107,Sayur Umbi,20201,Sayur (Vegetable)
2021-12-19 17:40:29.247,PEAR SWEET *12KG,KG,0.274,00424400,CU00000001,02010137,Pear,20101,Buah (Fruit)
2021-12-27 14:31:44.767,SEMANGKA MERAH/KG,KG,0.384,00133333,CU00000001,02010133,Semangka,20101,Buah (Fruit)
2021-12-13 19:40:00.553,SEMANGKA MERAH/KG,KG,0.302,00133333,CU00000001,02010133,Semangka,20101,Buah (Fruit)
2021-12-25 20:15:27.360,WORTEL A/IMPORT/KG*9,KG,0.298,00351379,CU00000001,02020105,Sayur Akar,20201,Sayur (Vegetable)
2021-12-24 21:14:37.940,SEMANGKA MERAH/KG,KG,1.136,00133333,CU00000001,02010133,Semangka,20101,Buah (Fruit)
2021-12-24 12:33:42.650,PISANG CAVENDIS/KG*13,KG,0.42,00217071,CU00000001,02010129,Pisang,20101,Buah (Fruit)
2021-12-20 16:11:39.887,PEAR SWEET *12KG,KG,1.268,00424400,CU00000001,02010137,Pear,20101,Buah (Fruit)
2021-12-23 18:41:13.707,PISANG CAVENDIS/KG*13,KG,0.628,00217071,CU00000001,02010129,Pisang,20101,Buah (Fruit)
2021-12-10 11:26:24.683,BUAH NAGA MERAH/KG,KG,1.02,00269629,CU00000001,02010107,Buah Naga,20101,Buah (Fruit)
2021-12-18 09:01:22.663,PEPAYA CALIFORNIA,KG,1.262,00149464,CU00000001,02010128,Pepaya,20101,Buah (Fruit)
2021-12-09 13:06:42.077,SEMANGKA MERAH/KG,KG,0.652,00133333,CU00000001,02010133,Semangka,20101,Buah (Fruit)
2021-12-05 15:51:49.390,BAWANG PUTIH CURAH/KG,KG,0.144,00156806,CU00000001,02020107,Sayur Umbi,20201,Sayur (Vegetable)
2021-12-04 16:54:19.907,PISANG CAVENDIS/KG*13,KG,0.46,00217071,CU00000001,02010129,Pisang,20101,Buah (Fruit)
2021-12-07 20:23:45.343,KOL PUTIH/KG,KG,0.51,00172677,CU00000001,02020101,Sayur Bunga,20201,Sayur (Vegetable)
2021-12-19 09:21:58.943,ANGGUR HITAM/KG,KG,0.306,00355063,CU00000001,02010136,Anggur,20101,Buah (Fruit)
2021-12-24 21:12:46.180,APEL TOP RED/KG*19,KG,0.67,00133241,CU00000001,02010102,Apel,20101,Buah (Fruit)
2021-12-18 21:18:02.257,SALAK BALI / KG,KG,0.346,00241762,CU00000001,02010131,Salak,20101,Buah (Fruit)
2021-12-01 12:34:22.170,SALAK PONDOH/KG,KG,0.67,00291583,CU00000001,02010131,Salak,20101,Buah (Fruit)
2021-12-01 17:24:41.733,SEMANGKA MERAH/KG,KG,0.506,00133333,CU00000001,02010133,Semangka,20101,Buah (Fruit)
2021-12-03 11:38:55.743,BAWANG MERAH CURAH/KG,KG,0.252,00156790,CU00000001,02020107,Sayur Umbi,20201,Sayur (Vegetable)
2021-12-19 18:34:53.410,TOMAT CURAH/KG,KG,0.412,00172790,CU00000001,02020102,Sayur Buah,20201,Sayur (Vegetable)
2021-12-24 21:35:45.733,PISANG CAVENDIS/KG*13,KG,0.416,00217071,CU00000001,02010129,Pisang,20101,Buah (Fruit)
2021-12-01 10:55:28.300,PISANG CAVENDIS/KG*13,KG,0.53,00217071,CU00000001,02010129,Pisang,20101,Buah (Fruit)
2021-12-08 20:29:13.067,SEMANGKA MERAH/KG,KG,0.338,00133333,CU00000001,02010133,Semangka,20101,Buah (Fruit)
2021-12-26 13:58:31.720,PISANG CAVENDIS/KG*13,KG,0.734,00217071,CU00000001,02010129,Pisang,20101,Buah (Fruit)
2021-12-04 09:38:35.783,SEMANGKA MERAH/KG,KG,1.132,00133333,CU00000001,02010133,Semangka,20101,Buah (Fruit)
2021-12-01 09:41:00.907,BAWANG MERAH CURAH/KG,KG,0.278,00156790,CU00000001,02020107,Sayur Umbi,20201,Sayur (Vegetable)
2021-12-22 13:04:47.200,APEL TOP RED/KG*19,KG,0.888,00133241,CU00000001,02010102,Apel,20101,Buah (Fruit)
2021-12-07 12:57:19.463,PISANG CAVENDIS/KG*13,KG,0.28,00217071,CU00000001,02010129,Pisang,20101,Buah (Fruit)
2021-12-29 17:17:40.787,KOL PUTIH/KG,KG,0.39,00172677,CU00000001,02020101,Sayur Bunga,20201,Sayur (Vegetable)
2021-12-07 08:26:31.360,PISANG CAVENDIS/KG*13,KG,0.626,00217071,CU00000001,02010129,Pisang,20101,Buah (Fruit)
2021-12-04 20:41:59.570,SEMANGKA MERAH/KG,KG,0.874,00133333,CU00000001,02010133,Semangka,20101,Buah (Fruit)
2021-12-10 12:33:56.673,PEPAYA CALIFORNIA,KG,0.844,00149464,CU00000001,02010128,Pepaya,20101,Buah (Fruit)
2021-12-27 15:47:32.623,PISANG CAVENDIS/KG*13,KG,0.404,00217071,CU00000001,02010129,Pisang,20101,Buah (Fruit)
2021-12-19 11:58:31.217,SEMANGKA MERAH/KG,KG,0.446,00133333,CU00000001,02010133,Semangka,20101,Buah (Fruit)
2021-12-17 12:31:29.540,PEPAYA CALIFORNIA,KG,1.278,00149464,CU00000001,02010128,Pepaya,20101,Buah (Fruit)
2021-12-04 13:40:06.690,PISANG CAVENDIS/KG*13,KG,0.378,00217071,CU00000001,02010129,Pisang,20101,Buah (Fruit)
2021-12-26 17:13:40.567,SEMANGKA MERAH/KG,KG,0.392,00133333,CU00000001,02010133,Semangka,20101,Buah (Fruit)
2021-12-01 22:04:16.387,PEPAYA CALIFORNIA,KG,1.462,00149464,CU00000001,02010128,Pepaya,20101,Buah (Fruit)
2021-12-03 16:53:40.570,BUAH NAGA MERAH/KG,KG,0.586,00269629,CU00000001,02010107,Buah Naga,20101,Buah (Fruit)
2021-12-11 16:17:23.177,PISANG CAVENDIS/KG*13,KG,0.514,00217071,CU00000001,02010129,Pisang,20101,Buah (Fruit)
2021-12-13 18:19:21.737,TOMAT CURAH/KG,KG,0.314,00172790,CU00000001,02020102,Sayur Buah,20201,Sayur (Vegetable)
2021-12-07 15:56:50.013,PISANG CAVENDIS/KG*13,KG,0.31,00217071,CU00000001,02010129,Pisang,20101,Buah (Fruit)
2021-12-15 16:28:11.527,SEMANGKA MERAH/KG,KG,0.468,00133333,CU00000001,02010133,Semangka,20101,Buah (Fruit)
2021-12-13 13:12:37.480,SEMANGKA MERAH/KG,KG,0.44,00133333,CU00000001,02010133,Semangka,20101,Buah (Fruit)
2021-12-09 15:37:44.740,PISANG CAVENDIS/KG*13,KG,0.282,00217071,CU00000001,02010129,Pisang,20101,Buah (Fruit)
2021-12-24 17:43:02.270,PISANG CAVENDIS/KG*13,KG,0.552,00217071,CU00000001,02010129,Pisang,20101,Buah (Fruit)
2021-12-18 09:52:35.203,PEPAYA CALIFORNIA,KG,1.518,00149464,CU00000001,02010128,Pepaya,20101,Buah (Fruit)
2021-12-30 15:01:53.317,PEPAYA CALIFORNIA,KG,1.304,00149464,CU00000001,02010128,Pepaya,20101,Buah (Fruit)
2021-12-11 16:11:38.777,PISANG CAVENDIS/KG*13,KG,0.416,00217071,CU00000001,02010129,Pisang,20101,Buah (Fruit)
2021-12-25 12:58:50.480,SEMANGKA MERAH/KG,KG,0.956,00133333,CU00000001,02010133,Semangka,20101,Buah (Fruit)
2021-12-17 13:17:49.940,SALAK PONDOH/KG,KG,0.36,00291583,CU00000001,02010131,Salak,20101,Buah (Fruit)
2021-12-23 12:24:17.480,BUAH NAGA MERAH/KG,KG,0.134,00269629,CU00000001,02010107,Buah Naga,20101,Buah (Fruit)
2021-12-06 18:42:44.783,SEMANGKA MERAH/KG,KG,0.802,00133333,CU00000001,02010133,Semangka,20101,Buah (Fruit)
2021-12-07 11:21:26.393,PISANG CAVENDIS/KG*13,KG,0.454,00217071,CU00000001,02010129,Pisang,20101,Buah (Fruit)
2021-12-08 19:20:25.607,PEPAYA CALIFORNIA,KG,1.344,00149464,CU00000001,02010128,Pepaya,20101,Buah (Fruit)
2021-12-01 19:20:59.957,PISANG CAVENDIS/KG*13,KG,0.456,00217071,CU00000001,02010129,Pisang,20101,Buah (Fruit)
2021-12-12 17:42:12.440,PEPAYA CALIFORNIA,KG,1.738,00149464,CU00000001,02010128,Pepaya,20101,Buah (Fruit)
2021-12-23 19:59:34.610,PEPAYA CALIFORNIA,KG,1.216,00149464,CU00000001,02010128,Pepaya,20101,Buah (Fruit)
2021-12-02 16:44:39.203,SEMANGKA MERAH/KG,KG,0.474,00133333,CU00000001,02010133,Semangka,20101,Buah (Fruit)
2021-12-07 20:05:19.280,WORTEL A/IMPORT/KG*9,KG,0.32,00351379,CU00000001,02020105,Sayur Akar,20201,Sayur (Vegetable)
2021-12-10 16:52:48.037,ANGGUR HITAM/KG,KG,0.366,00355063,CU00000001,02010136,Anggur,20101,Buah (Fruit)
2021-12-02 13:39:01.350,PISANG CAVENDIS/KG*13,KG,0.398,00217071,CU00000001,02010129,Pisang,20101,Buah (Fruit)
2021-12-10 18:14:02.240,PISANG CAVENDIS/KG*13,KG,0.342,00217071,CU00000001,02010129,Pisang,20101,Buah (Fruit)
2021-12-28 16:37:37.367,PISANG CAVENDIS/KG*13,KG,1.2,00217071,CU00000001,02010129,Pisang,20101,Buah (Fruit)
2021-12-05 12:26:59.157,ANGGUR HITAM/KG,KG,0.292,00355063,CU00000001,02010136,Anggur,20101,Buah (Fruit)
2021-12-23 10:35:52.967,BAWANG MERAH CURAH/KG,KG,0.27,00156790,CU00000001,02020107,Sayur Umbi,20201,Sayur (Vegetable)
2021-12-20 10:04:49.780,PEPAYA CALIFORNIA,KG,1.394,00149464,CU00000001,02010128,Pepaya,20101,Buah (Fruit)
2021-12-04 10:28:13.787,PISANG CAVENDIS/KG*13,KG,0.52,00217071,CU00000001,02010129,Pisang,20101,Buah (Fruit)
2021-12-19 19:36:52.467,ANGGUR HITAM/KG,KG,0.274,00355063,CU00000001,02010136,Anggur,20101,Buah (Fruit)
2021-12-24 19:24:01.140,PISANG CAVENDIS/KG*13,KG,0.296,00217071,CU00000001,02010129,Pisang,20101,Buah (Fruit)
2021-12-07 16:38:04.553,BUAH NAGA MERAH/KG,KG,1.05,00269629,CU00000001,02010107,Buah Naga,20101,Buah (Fruit)
2021-12-10 19:52:55.637,PEPAYA CALIFORNIA,KG,1.706,00149464,CU00000001,02010128,Pepaya,20101,Buah (Fruit)
2021-12-28 20:21:36.213,PEPAYA CALIFORNIA,KG,2.326,00149464,CU00000001,02010128,Pepaya,20101,Buah (Fruit)
2021-12-27 15:47:19.847,PEPAYA CALIFORNIA,KG,1.14,00149464,CU00000001,02010128,Pepaya,20101,Buah (Fruit)
2021-12-13 17:50:04.773,APEL TOP RED/KG*19,KG,1.044,00133241,CU00000001,02010102,Apel,20101,Buah (Fruit)
2021-12-02 16:27:45.857,BUAH NAGA MERAH/KG,KG,0.898,00269629,CU00000001,02010107,Buah Naga,20101,Buah (Fruit)
2021-12-07 17:18:49.910,SALAK PONDOH/KG,KG,0.248,00291583,CU00000001,02010131,Salak,20101,Buah (Fruit)
2021-12-02 15:58:35.377,PISANG CAVENDIS/KG*13,KG,0.332,00217071,CU00000001,02010129,Pisang,20101,Buah (Fruit)
2021-12-12 16:45:20.180,BAWANG MERAH CURAH/KG,KG,0.3,00156790,CU00000001,02020107,Sayur Umbi,20201,Sayur (Vegetable)
2021-12-25 19:16:02.850,APEL TOP RED/KG*19,KG,0.91,00133241,CU00000001,02010102,Apel,20101,Buah (Fruit)
2021-12-25 17:36:15.780,PEPAYA CALIFORNIA,KG,1.538,00149464,CU00000001,02010128,Pepaya,20101,Buah (Fruit)
2021-12-16 11:10:39.113,BAWANG MERAH CURAH/KG,KG,0.976,00156790,CU00000001,02020107,Sayur Umbi,20201,Sayur (Vegetable)
2021-12-03 11:38:46.387,BAWANG PUTIH CURAH/KG,KG,0.222,00156806,CU00000001,02020107,Sayur Umbi,20201,Sayur (Vegetable)
2021-12-25 20:15:08.643,TOMAT CURAH/KG,KG,0.474,00172790,CU00000001,02020102,Sayur Buah,20201,Sayur (Vegetable)
2021-12-05 13:41:40.017,ANGGUR HITAM/KG,KG,0.316,00355063,CU00000001,02010136,Anggur,20101,Buah (Fruit)
2021-12-19 19:45:49.327,SEMANGKA MERAH/KG,KG,0.518,00133333,CU00000001,02010133,Semangka,20101,Buah (Fruit)
2021-12-29 20:54:19.613,KOL PUTIH/KG,KG,0.434,00172677,CU00000001,02020101,Sayur Bunga,20201,Sayur (Vegetable)
2021-12-28 21:02:01.043,PISANG CAVENDIS/KG*13,KG,0.33,00217071,CU00000001,02010129,Pisang,20101,Buah (Fruit)
2021-12-02 20:18:47.203,PEPAYA CALIFORNIA,KG,1.458,00149464,CU00000001,02010128,Pepaya,20101,Buah (Fruit)
2021-12-15 15:55:12.813,ANGGUR HITAM/KG,KG,0.338,00355063,CU00000001,02010136,Anggur,20101,Buah (Fruit)
2021-12-21 13:05:05.410,SEMANGKA MERAH/KG,KG,0.476,00133333,CU00000001,02010133,Semangka,20101,Buah (Fruit)
2021-12-01 10:54:35.983,SEMANGKA MERAH/KG,KG,0.514,00133333,CU00000001,02010133,Semangka,20101,Buah (Fruit)
2021-12-28 13:47:30.123,PISANG CAVENDIS/KG*13,KG,0.32,00217071,CU00000001,02010129,Pisang,20101,Buah (Fruit)
2021-12-05 17:55:22.510,BAWANG MERAH CURAH/KG,KG,0.21,00156790,CU00000001,02020107,Sayur Umbi,20201,Sayur (Vegetable)
2021-12-04 16:53:01.093,WORTEL A/IMPORT/KG*9,KG,0.858,00351379,CU00000001,02020105,Sayur Akar,20201,Sayur (Vegetable)
2021-12-15 12:29:13.850,PISANG CAVENDIS/KG*13,KG,0.432,00217071,CU00000001,02010129,Pisang,20101,Buah (Fruit)
2021-12-24 21:35:28.877,SEMANGKA MERAH/KG,KG,0.394,00133333,CU00000001,02010133,Semangka,20101,Buah (Fruit)
2021-12-07 19:09:53.863,PEPAYA CALIFORNIA,KG,1.586,00149464,CU00000001,02010128,Pepaya,20101,Buah (Fruit)
2021-12-28 17:33:03.453,PISANG CAVENDIS/KG*13,KG,0.372,00217071,CU00000001,02010129,Pisang,20101,Buah (Fruit)
2021-12-24 16:34:04.363,SEMANGKA MERAH/KG,KG,0.514,00133333,CU00000001,02010133,Semangka,20101,Buah (Fruit)
2021-12-09 20:45:45.410,PISANG CAVENDIS/KG*13,KG,0.542,00217071,CU00000001,02010129,Pisang,20101,Buah (Fruit)
2021-12-11 16:17:37.923,SEMANGKA MERAH/KG,KG,0.358,00133333,CU00000001,02010133,Semangka,20101,Buah (Fruit)
2021-12-05 13:55:40.163,SEMANGKA MERAH/KG,KG,0.736,00133333,CU00000001,02010133,Semangka,20101,Buah (Fruit)
2021-12-07 09:29:29.700,PEPAYA CALIFORNIA,KG,1.446,00149464,CU00000001,02010128,Pepaya,20101,Buah (Fruit)
2021-12-17 21:38:24.997,BAWANG MERAH CURAH/KG,KG,1.058,00156790,CU00000001,02020107,Sayur Umbi,20201,Sayur (Vegetable)
2021-12-30 18:09:09.590,SEMANGKA MERAH/KG,KG,0.31,00133333,CU00000001,02010133,Semangka,20101,Buah (Fruit)
2021-12-24 13:34:14.317,PISANG CAVENDIS/KG*13,KG,0.48,00217071,CU00000001,02010129,Pisang,20101,Buah (Fruit)
2021-12-28 18:53:49.483,SEMANGKA MERAH/KG,KG,0.598,00133333,CU00000001,02010133,Semangka,20101,Buah (Fruit)
2021-12-06 14:27:51.713,SEMANGKA MERAH/KG,KG,0.364,00133333,CU00000001,02010133,Semangka,20101,Buah (Fruit)
2021-12-29 19:10:57.540,PEPAYA CALIFORNIA,KG,1.524,00149464,CU00000001,02010128,Pepaya,20101,Buah (Fruit)
2021-12-21 13:59:04.467,WORTEL A/IMPORT/KG*9,KG,0.464,00351379,CU00000001,02020105,Sayur Akar,20201,Sayur (Vegetable)
2021-12-25 16:30:39.677,ANGGUR HITAM/KG,KG,0.33,00355063,CU00000001,02010136,Anggur,20101,Buah (Fruit)
2021-12-17 17:59:25.190,SEMANGKA MERAH/KG,KG,0.494,00133333,CU00000001,02010133,Semangka,20101,Buah (Fruit)
2021-12-05 10:47:21.767,BAWANG PUTIH CURAH/KG,KG,0.188,00156806,CU00000001,02020107,Sayur Umbi,20201,Sayur (Vegetable)
2021-12-15 20:12:47.597,ANGGUR HITAM/KG,KG,0.322,00355063,CU00000001,02010136,Anggur,20101,Buah (Fruit)
2021-12-02 12:58:55.453,PISANG CAVENDIS/KG*13,KG,0.534,00217071,CU00000001,02010129,Pisang,20101,Buah (Fruit)
2021-12-12 18:12:43.590,SALAK PONDOH/KG,KG,0.316,00291583,CU00000001,02010131,Salak,20101,Buah (Fruit)
2021-12-22 17:35:36.420,PISANG CAVENDIS/KG*13,KG,0.546,00217071,CU00000001,02010129,Pisang,20101,Buah (Fruit)
2021-12-25 09:12:41.803,BAWANG PUTIH CURAH/KG,KG,0.292,00156806,CU00000001,02020107,Sayur Umbi,20201,Sayur (Vegetable)
2021-12-16 12:04:54.827,PISANG CAVENDIS/KG*13,KG,0.552,00217071,CU00000001,02010129,Pisang,20101,Buah (Fruit)
2021-12-29 12:55:21.960,SEMANGKA MERAH/KG,KG,0.474,00133333,CU00000001,02010133,Semangka,20101,Buah (Fruit)
2021-12-26 19:15:52.727,SEMANGKA MERAH/KG,KG,0.432,00133333,CU00000001,02010133,Semangka,20101,Buah (Fruit)
2021-12-02 16:39:16.470,PISANG CAVENDIS/KG*13,KG,0.566,00217071,CU00000001,02010129,Pisang,20101,Buah (Fruit)
2021-12-03 15:43:25.717,PISANG CAVENDIS/KG*13,KG,0.374,00217071,CU00000001,02010129,Pisang,20101,Buah (Fruit)
2021-12-23 09:49:35.520,PEPAYA CALIFORNIA,KG,1.456,00149464,CU00000001,02010128,Pepaya,20101,Buah (Fruit)
2021-12-21 11:01:07.077,PISANG CAVENDIS/KG*13,KG,0.422,00217071,CU00000001,02010129,Pisang,20101,Buah (Fruit)
